file_name,question,option1,option2,option3,option4,answer
6c2974c9-59f8-4d07-914a-cc3d3d9c4c2f.jpg,2020年の研究開発費が最も高い企業はどれですか？,アメリカの企業,ヨーロッパの企業,日本の企業,Johnson & Johnson,4
75d033f9-fc2f-4dc8-9fcd-30f93383a2cd.jpg,ユーザー属性調査において、どの項目が『どちらともいえない』の割合が最も高いですか？,美容に関心がある,ファッションに関心がある,アートに関心がある,スポーツに関心がある,4
13b3502d-ca3e-4581-b276-382dd35d8a0b.jpg,この雑誌の発行月は何月ですか？,1月,7月,3月,5月,3
2c18497c-825a-4d79-a013-6385a26e9193.jpg,2019年における韓国からの入国者数が最も多い空港はどれですか？,新千歳,関西,羽田,成田,2
1b3b926d-84a0-4ea3-b7bf-c2dc35d3894f.jpg,What is the total height of the object from the base to the top of the cylindrical part?,125 mm,120 mm,175 mm,55 mm,3
982e8a1d-5543-47eb-8905-8ee0f0e059e8.jpg,2022年の文系男子の人気企業ランキングで1位にランクインした企業はどれですか？,東京海上日動火災保険,伊藤忠商事,三井物産,サントリー,2
42a78edd-9b6d-4f9b-ae15-5f9435e8abf0.jpg,この図における『国語科の授業』の目的は何ですか？,身体をきたえること,基礎的・基本的な知識の確認,創造性を高めること,論理的思考力の向上,4
0ee409d8-8bb7-4a21-a3a6-d15ba18093ee.jpg,原子炉領域以外の撤去はどの年に完了しましたか？,2010年,2003年,2019年,2020年,3
50ca70bc-8d69-4359-a0da-7cb114811cfc.jpg,What is the date of the Online Business Conference?,"Friday, June 6th","Saturday, June 7th","Sunday, June 8th","Monday, June 9th",2
9d53e5ab-f721-48d7-b8c7-69cdfc090aec.jpg,このネイルサロンのキャンペーンで提供されている割引額はいくらですか？,"¥1,000 OFF",¥500 OFF,"¥2,000 OFF","¥1,500 OFF",1
f4861622-ea48-4c15-ae2d-7f748802db52.jpg,Which animal category has the highest representation in the pie chart?,Horse,Tiger,Elephant,Lion,4
7cbf61c8-b824-4b70-89f8-f6ef563c12f3.jpg,"According to the image, which of the following is NOT considered a primary activity in Porter's Value Chain?",Marketing and Sales,Technology Development,Operations,Inbound Logistics,2
e8ed8d59-aba2-4eae-a852-c7c73fc884db.jpg,What is the role of the Web server in the system architecture shown in the image?,To manage user authentication and authorization,To store resident's information directly,To provide an interface for User Admin,To facilitate communication between the user interfaces and the database,4
363cb58c-e7e1-4e89-b3d5-dc6f5e210423.jpg,What is the main theme of the Men's Health magazine cover?,New Year fitness goals,Travel destinations,Cooking recipes,Technology advancements,1
5373f262-d7df-4876-9e01-b25889e74d08.jpg,この地図に示されている高速道路のうち、最も長い距離を持つのはどれですか？,山陽自動車道,東北自動車道,名神高速道路,九州自動車道,2
eb951033-0f6b-4e4e-93c7-7e314b5d43b1.jpg,IMAホールの座席表で、A列の座席番号は何番から何番までありますか？,5番から20番,10番から30番,1番から30番,1番から20番,1
105df899-11d8-4d66-84c1-c973dcd8d4f8.jpg,このレーダーチャートで、データセットAの最大値はどの角度で示されていますか？,120度,60度,300度,240度,1
e1b8441f-bc42-472e-820f-a0e5031174cb.jpg,このExcelシートに表示されているグラフで、最も人口が多い区はどれですか？,中央区,港区,世田谷区,千代田区,3
ebe80f31-1667-475b-86e0-e298f7a9f566.jpg,この雑誌の表紙に書かれている特集の1つは何ですか？,料理レシピ,新作映画レビュー,特別ふろく,最新のヘアスタイル,3
2876e349-b0e5-4ce5-b349-60b652727bf1.jpg,Which item has the smallest percentage difference between the vertical and horizontal bar graphs?,Item 4,Item 1,Item 2,Item 3,2
e6300d0f-3ede-4b51-9904-49d6a3bd3858.jpg,MaaS事業者と直接関係があると示されているのは次のうちどれですか？,投資家,メディア,教育機関,データプロバイダー,4
fe781d26-cd69-4007-ad30-8b0a14f32f94.jpg,In which level is the difference between 'Five Year School Entry' and 'Six Year Net' the greatest?,Within,Above,Well Below,Just Below,3
e120d51f-296d-4589-959b-b026a1fe65be.jpg,Which of the following is NOT a type of Structure Diagram?,Component Diagram,Package Diagram,Activity Diagram,Class Diagram,3
36346015-df03-444c-a4e3-9f464d44a7b5.jpg,テクニカルアーティストのスキルレーダーチャートで、VFXに関連するスキルはどれですか？,プログラミング,モデリング,アニメーション,エフェクト,4
6e5d6c43-3979-4034-ab73-5d011a3fbfd9.jpg,この地図で、東京メトロ銀座線の終点はどこですか？,浅草,新宿,池袋,渋谷,1
d5ba891a-0036-4d62-9773-f77fae60b9e6.jpg,非常時にはどのように避難するべきですか？,非常口の誘導灯に従う,ベッドで待機する,エレベーターを使用する,窓から飛び降りる,1
a5dcc6ce-0ef6-40b4-9e5c-db7bda5a41c8.jpg,このメニューの中で、最も高価な料理はどれですか？,シャキトロ絶品鯖,秋刀魚と茸の竹皮包み焼き,秋の彩り信州サーモン,石狩“親子”コロッケ,3
91721c77-e9e7-466c-a0e0-f84de9488c6a.jpg,During which U.S. presidential term did the 2007 financial crisis occur?,Bush's second term,Obama's second term,Obama's first term,Trump's term,1
a00094d8-b4dc-430f-b538-fa54e1cfbbc5.jpg,このチラシで紹介されている施設の営業時間は何時から何時までですか？,午前9:00から午後12:15まで、午後1:15から午後4:30まで,午前9:30から午後12:00まで、午後1:00から午後4:00まで,午前8:00から午後1:00まで、午後2:00から午後5:00まで,午前10:00から午後1:00まで、午後2:00から午後6:00まで,1
911ecad1-71e5-49b2-8e98-ad81f8d97a58.jpg,Eさんの数学の点数は何点ですか？,85,95,65,75,1
3d1d355b-e6c0-4dfd-9aaf-282cef3b067a.jpg,この地図に示されている高速道路の総延長は何キロメートルですか？,"12,000km","11,520km","13,500km","10,000km",2
55ccb82a-8416-4188-9554-c78a96a928a0.jpg,Who is positioned directly below the 'FATHER' in the family tree?,MOTHER,SISTER,BROTHER,ME,2
341fda77-2a8e-4b8b-a288-1eb3c555ed96.jpg,Who is directly reporting to Sundar Pichai according to the organizational chart?,Prabhakar Raghavad,Thomas Kurlan,Hiroshi Lockheimer,All of the above,4
54bbd3f1-f3c9-4e43-8278-179e6fbb7403.jpg,このプログラムで使用されているFコードは何ですか？,F2.00,F0.25,F1.00,F0.50,2
dc8af610-47ad-4850-92f7-65dbcee06d1f.jpg,地とうきびの収穫イベントの参加費は大人と子どもでいくらですか？,大人2000円、子ども1000円,大人1500円、子ども800円,大人2500円、子ども1200円,大人1800円、子ども900円,1
dae55c06-2a43-48f4-91e2-06052dcbf748.jpg,"In the given class diagram, which entity is responsible for handling loan requests?",Bank,Customer,Account,Teller,4
d1d1c6bc-209c-449b-a450-6dfbdaac8d6a.jpg,準決勝で勝利したチームはどれですか？,常翔学園 (大阪第二),桐蔭学園 (神奈川),東福岡 (福岡),御所実 (奈良),4
5968a1de-a823-4000-a41e-07a7911cd4d4.jpg,What is the primary purpose of the bake sale mentioned in the image?,To celebrate a church anniversary,To support a mission trip to India,To raise funds for a church renovation,To host a community picnic,2
072f6890-ef35-46ed-9c9b-f5dd6d2652fb.jpg,6月の予定表で、6月10日の日曜日に書かれている内容は何ですか？,特に何も書かれていない,授業,休み,イベント,3
170288bb-a51e-4e68-843d-f3b48b906386.jpg,Which area in the Venn diagram represents the intersection of all three aspects of sustainable development?,Sustainable Natural and Built Environment,Sustainable Economic Development,Sustainable Development,Equitable Social Environment,3
c0f13a33-5439-4608-b231-9f1c5d505a7a.jpg,『事業ユニット』の下にある部門はどれですか？,管理ユニット,内部監査室,コンプライアンス委員会,業務統括部,4
c655dfb8-4bb7-4880-9548-982d57c82fbe.jpg,"Which interstate highway connects Seattle, WA to Boston, MA?",I-40,I-70,I-90,I-80,3
797b1a13-dfb0-49a4-9f76-bca2424ad8d7.jpg,Which component in Bank Branch A directly communicates with the Database Server?,Point of Sale Terminal,Bank Server,ATM,Bank Headquarters,2
a6a3133c-1573-4e03-bb01-d377d9b62817.jpg,東海道新幹線の最高速度はどれですか？,260 km/h,300 km/h,285 km/h,275 km/h,3
172008fd-f92e-4740-9c26-feb68257ee2d.jpg,数学の成績が最も高いのは誰ですか？,竹本,全員同じ,前田,佐藤,3
4f52ef65-174b-4787-a814-351291b9c258.jpg,このグラフによると、2010年のアジアの人口はどのくらいですか？,約20億人,約30億人,約50億人,約40億人,4
1fc9299d-bbc9-491d-9b16-647814ec8a7e.jpg,What is the purpose of the granite burial vault in the structure?,To serve as a ventilation system,To provide structural support,To house the king's remains,To store treasures,3
6ee0c188-b4db-45df-9464-74a5cf5e88f7.jpg,このステアリングホイールの中央にあるディスプレイは何を表示するために使用されますか？,タイヤの空気圧,エンジンの温度,ギア、ブレーキバランス、エンジン回転数などの情報,ドライバーの心拍数,3
166f73ba-9f26-4011-b325-e2c856e0d6be.jpg,"Which event on Thursday, November 28th involves a visit from Santa?",Brennan’s Home Hardware Open Late,Northern Carleton Pharmacy Shopping Party,Night Parade in Centreville,"Tree Lighting, Riverside Park, Florenceville-Bristol",4
5d794fd6-614f-40da-853b-3f529cb23995.jpg,multibookのサービスは何カ国語に対応していますか？,8カ国語,12カ国語,15カ国語,5カ国語,2
0715f017-307d-4915-84ec-40bf4d4a895b.jpg,この雑誌の特集記事は何ですか？,大人の名品図鑑,東京のレストランガイド,好きなアウターの着こなし方,冬のファッションアイテム,4
80807865-241c-4603-bbbf-d487feb67543.jpg,What is the first step in the Explanatory Essay guide?,Discover your sources,Set up your exploration,Pick an impartial topic,Sort out your analysis into a paper outline,3
8bfcf975-421d-4681-aeb0-3a372a160759.jpg,Which room is directly connected to the kitchen?,Bedroom 1,Living Room,Bedroom 2,Bathroom,2
32c945fb-2e3f-4ad3-9e05-9cfc8abfaf80.jpg,この雑誌の特集は何ですか？,エヴァンゲリオン,スタジオジブリ,ホケケ,ガンダム,4
b0571f97-d811-48b0-8300-28d9e82de248.jpg,真田幸隆の子供の中で、信繁の兄弟は誰ですか？,昌輝,信綱,信尹,昌幸,4
78dbae00-0d89-4abf-ac6b-45e4320b414e.jpg,In which month did Store A have the highest sales compared to Store B?,May,March,October,July,1
a5586f77-ae38-4936-9728-e4077deb33de.jpg,Which class in the diagram is responsible for creating structures?,plStructureGenerator,plStructureTokenizerGenerator,plProcessorOptions,plPhpFunction,1
011b584f-4c64-4772-af12-01df44dbf582.jpg,Who was born on 25th July 1876?,Elmer Drasher,Saveria Orazi,Giovanni Vitale,Antonio DiGianno,4
73835654-db8c-423d-8618-eccb83ee9b6f.jpg,What is the main purpose of the stacked doughnut chart in the image?,To compare different categories,To display hierarchical data,To illustrate a process flow,To show a timeline of events,1
26b1067a-175a-44b1-8373-b298d64eadde.jpg,2015年に最も人気のあるプロスポーツはどれですか？,プロテニス,大相撲,プロ野球,プロサッカー,3
e45d649c-8c41-4292-b5c2-f52eaadb48f5.jpg,このチラシで紹介されている商品の中で、最も高価なものの価格はいくらですか？,"4,980円","5,980円","2,980円","3,980円",1
79a6bfd6-e869-43b1-a294-78f92c484322.jpg,この間取り図において、リビングダイニングキッチン（LDK）の広さはどれくらいですか？,25帖,20帖,30帖,15帖,2
a143a4fc-6265-4f0f-a639-68afc7511db8.jpg,"Which section on Floor 1 contains Folios, Indexes, Maps, Microforms, and Reference materials?",Section B,Section C,Section D,Section A,4
13ce9e20-9937-4b82-b9f5-99a2792cb7e8.jpg,Which team has the highest goal difference (GD) in the 2011/2012 Italian Serie A table?,Udinese,Internazionale,Juventus,AC Milan,3
ca7b230b-a97a-4f4b-9a73-6fbaf2d3f48d.jpg,Which entrance is designated for the Center for Advanced Radiation Medicine?,Hunter Family Center for Women's Health,Center for Advanced Radiation Medicine Entrance,Main Entrance,Visitor Entrance,2
7afc8546-310e-4f8b-944f-d1003412d3c2.jpg,What is the primary role of the Technology Development section in Crispy Chips' value chain?,To utilize custom-built ordering software for customer interaction,To manage corporate office operations and distribution plants,To work with more than 20 food and ingredient suppliers,To employ and retain over 500 corporate employees,1
5b84b09b-01aa-498f-835a-e3aed28cac82.jpg,"Which interstate highway connects Los Angeles, California to Jacksonville, Florida?",I-40,I-10,I-80,I-70,2
8398584e-cefd-4b18-bcfb-624a9273b351.jpg,この雑誌の特集は何歳の人に向けたものですか？,40歳,20歳,50歳,30歳,1
1dbdf325-ecf6-4cd0-a07e-5bd3965d21f1.jpg,What is the energy consumption of the Miniature Particle Collider?,720 kW,960 kW,12 MW,480 kW,3
d8e66418-21db-4f6b-8edc-b4c2ac3c292e.jpg,What is the main theme of the movie depicted in the poster?,Friendship and loyalty,Adventure and exploration,Overcoming fears,The power of wishes and dreams,4
cd50567c-1da2-4a58-b49a-f02ffff041df.jpg,基本設計から詳細設計に移行する際に、どの要素が直接関与していますか？,PFD/UFD MB/HB,機器リスト,運転要領書,運転方策,2
d8252739-7225-4e7e-8ac6-e5460ab673e8.jpg,How many unique names are listed in the seating chart?,8,10,9,11,3
cd0cfd44-6e39-47cc-8a3f-26bdb10fb889.jpg,What is the projected market size of artificial intelligence in healthcare for the year 2028?,$187.95 billion,$72.62 billion,$136.79 billion,$99.63 billion,4
be6c3b7d-c242-4b08-8d87-be50a2ad1da9.jpg,Who is the Salutation speaker at the graduation rites?,Genethea Fleur C. Emanel,Joyce F. Magallones,Cherry Mae L. Limbaco,Necifora E. Cainoy,1
2e9402fb-e91d-4104-916c-1b61d936a489.jpg,この図において、SCMはどのプロセスと直接関連していますか？,商品開発,物流,販売,生産,4
6b05748d-377e-4b7d-9cab-47bc83ab7601.jpg,この画像において、パン食い競争の写真が撮られたと書かれているのはどこですか？,春の大運動会,夏祭り,みのり保育園交流会,修玄保育園交流会,1
93c04e1c-9830-421e-ac34-e9f795831c9f.jpg,Which color is the least favorite among the students?,White,Orange,Blue,Yellow,3
506db143-2bce-4ded-8459-a9ee1ec07768.jpg,3位の人物のポイント数はいくつですか？,642,798,413,447,1
a777f6c5-7543-4bfd-84e5-bd78c9ab8e1a.jpg,心臓はどのようにして全身に血液を送ることができますか？,肝臓が栄養を供給するから,心筋が収縮するから,脳が指示を出すから,肺が酸素を供給するから,2
7b6976a7-014f-48d6-bafa-4d0437ca8d30.jpg,In which quarter does the timeline indicate the 'Today' milestone?,Q4 20YY,Q3 20YY,Q2 20YY,Q1 20YY,1
f1b8ba08-c1e7-4e0e-b9f8-4d2b6cdc20cf.jpg,この広告で紹介されている料理のセットの中で、最も高価なものはどれですか？,夫婦重,三段重セット,二段重セット,特撰おせち,2
b54ca401-25be-4fc7-b141-5445377380e7.jpg,8月16日限定で販売されている商品はどれですか？,ブロッコリー,びんちょうまぐろ,ドライトマト,キャベツ,3
e4dbf76f-dbff-4061-9a95-b288c8bad84e.jpg,画像内のレーダーチャートで、物件Aの『外観・内装』の評価は何点ですか？,1点,4点,3点,2点,3
0a2cec83-20a4-4f9a-bf99-a63dcdc900f6.jpg,What is the theme of the magazine issue shown in the image?,Burning Desire,Travel Destinations,Fitness Tips,Summer Fashion,1
656188c0-d6ba-4511-ad79-ed1864f0bff6.jpg,レーダーチャートで、2021年3月の評価軸の最大値はどれですか？,2.0,4.0,3.0,5.0,4
6f38f998-b4be-4067-a715-da255ed29cd2.jpg,What is the date of the ribbon cutting ceremony for the Walgreens grand opening?,March 6,March 8,March 7,March 5,1
f5b0e632-2f5e-4008-a358-78bda3c42118.jpg,What is the primary color scheme used in the business flyer design?,Red and Black,Blue and Yellow,Green and White,Purple and Orange,2
aa6c1acd-0fb0-42e3-9444-5ee8deb9a28e.jpg,この画像で紹介されている料理の材料に含まれていないものはどれですか？,みりん,鶏レバー,にんにく,生姜,3
73aac144-10c8-4fbc-9713-73a51b12de02.jpg,What is the date of the Summer Party mentioned in the image?,"24 July, 2020","25 July, 2020","25 June, 2020","24 June, 2020",1
27ec989d-6220-4898-bf3b-16c1b4d098cb.jpg,この番組表で、9/13(木)の11:00に放送されている番組はどれですか？,リーガ・エスパニョーラ,ハイビジョン特集,ドキュメンタリー特集,日曜名作劇場,4
54e9dd15-0015-4997-bb06-4fcf130517bf.jpg,開設承認後、次に行われるステップは何ですか？,謝絶,承認連絡,本人確認承認,差戻し,2
80008040-e99b-4407-93e8-6f4293ef92e1.jpg,Which section of the New York Times Year in Review 2017 focuses on travel?,Reader Center,Video,Travel,Science,3
262a647c-8812-46f6-acb7-8817203bd5eb.jpg,"In which year did Company Z have the highest amount in Rs crores, and what was the amount?","1996, 100 crores","1995, 120 crores","1999, 90 crores","1994, 80 crores",2
929f7525-080a-42ba-9c9f-2d6c377800fd.jpg,Which station is an interchange between LRT Line 2 and MRT Line 3?,Blumentritt,Araneta-Cubao,Santolan,Guadalupe,2
2f3bcb89-a4a1-4312-9445-5dd29ab8e7b7.jpg,Where can you find the 'New Books Shelf' in the library?,Adjacent to the Microforms,Next to the Reference Desk,Near the Writing Center,Inside the Gallery,1
0ab0f0f3-2634-4395-afa6-632887cddc5d.jpg,Which of these movies features a family of superheroes?,"Monsters, Inc.",The Incredibles,Finding Nemo,Coco,2
9aceb350-7ffc-445b-8a42-b9d9e6535838.jpg,What is the official performance time for the program 'I love the motherland'?,Friday at 8 p.m.,8:30 p.m. Friday,Saturday at 7 p.m.,8:10 p.m. Friday,4
7c24ca14-e108-4d58-a5d4-c103ab7fc5d4.jpg,この散布図において、体重が80kgのときの身長はどれですか？,170cm,160cm,150cm,180cm,1
f016aef9-ae8f-4e6e-8637-3a95521bc562.jpg,2015年4月から9月までの月別売上推移で、最も売上が高かった月はどれですか？,2015年9月,2015年6月,2015年7月,2015年4月,3
0dfa3a95-b5b2-4c8f-aca8-5a04b8ea53e7.jpg,"In the UML class diagram, which class is responsible for recognizing sensor events?",Audible Alarm,Sensor,System,Control Panel,2
c866bb70-4288-4eb8-b7d7-499ec193af6f.jpg,35歳以上の方が受けるべき健康診断は何ですか？,生活習慣病予防健診,特定健診,特定保健指導,がん検診,1
cd70edac-fa66-4132-97cb-401ce13c17ef.jpg,アンケート結果において、最も多い回答はどれですか？,どちらかといえば反対,どちらかといえば賛成,反対,賛成,2
ee03ab5a-33c8-4e0a-9221-0371f490e662.jpg,このネットワーク構成図において、ファイアウォールの役割は何ですか？,社内サーバーのデータをバックアップする,PCと社内サーバーを接続する,インターネットとルーター公開サーバーを接続する,社内ネットワークと外部ネットワークを保護する,4
d1c48531-1bce-4073-bde8-74a86c4dc035.jpg,この組織図において、A事業部に属している部門はどれですか？,開発部、総務部、製造部,開発部、製造部、営業部,総務部、開発部、営業部,製造部、営業部、総務部,2
93aa7032-6fe4-4f69-bad0-8e288207eb58.jpg,"What is the current status of the task in Phase 3, Row 1?",Delayed,Not Started,In Progress,Completed,3
7a2be027-20f7-4842-88ed-8199425d811c.jpg,What is the date mentioned on the newspaper?,"Monday, 17-07-2017","Tuesday, 18-07-2017","Thursday, 20-07-2017","Wednesday, 19-07-2017",2
7ea7062d-4707-40e4-9662-3243e1791e79.jpg,What is the date of the event mentioned in the image?,Sunday 26 Sep 2016,Monday 27 Sep 2016,Saturday 25 Sep 2016,Friday 24 Sep 2016,3
9a990a74-0ecf-4308-aba7-48ed3940fb3a.jpg,この広告で紹介されている本のタイトルは何ですか？,池井戸潤の最新作,銀翼のイカロス,ロスジェネの逆襲,半沢直樹の新たなる物語,2
ee00106d-fc3c-4503-9f3c-65151985d853.jpg,慶應義塾大学薬学部への最寄りの地下鉄駅はどれですか？,神谷町駅,大門駅,御成門駅,JR浜松町駅,3
0d2eebd7-51bd-440e-9b18-040b37f8578e.jpg,Which country scored the highest in mathematics according to the PISA 2018 results?,Japan,Hong Kong (China),B-S-J-Z (China),Singapore,3
2018b919-3648-420c-a472-5cfa8332eb0e.jpg,本庁舎1階の西館にある会議室の番号は何ですか？,101,103A,102,103B,3
d3da5d73-d478-454b-94e7-2bead817a710.jpg,Which team has the highest total points in the MODX Fallout Elite Scrims Week-1 Day-1 Match?,MUTANT ESPORTS,IGNITE ESPORTS,SQUAD WIPERS,BLEED ESPORTS,2
60133598-3bfb-4728-9b0d-ba21826b7361.jpg,What percentage of the air is composed of gases other than nitrogen and oxygen?,1%,0.03%,20%,79%,1
cae6a338-48a0-4aa0-be65-9e75f0edb803.jpg,11月のPV数はどれくらいですか？,"約600,000","約1,000,000","約800,000","約1,200,000",2
0ebf8788-bbac-4c21-8ab1-03d6b9fd6e16.jpg,Which chamber in the Great Pyramid of Khufu is directly connected to the Grand Gallery?,Subterranean Chamber,Queen's Chamber,Entrance,King's Chamber,4
cdf9230a-d057-4c64-a02d-f8ca9e943caa.jpg,Which factor is NOT listed under 'Racial Bias/Discrimination' in the explanatory framework?,Reporter Bias,Neighborhood Segregation,Cultural Sensitivity and Competence,Institutional Racism,2
0e721b61-06e7-4cf3-9793-2c186147d5b4.jpg,平成7年分の国内源泉所得の額はどれですか？,"553,708円","18,045,918円","20,196,941円","19,225,840円",4
933769f5-60fc-42a2-89f6-32fea0abc761.jpg,Which option shows the greatest difference in percentage between Product A and Product B?,Option 3,Option 4,Option 1,Option 2,2
fb98f53c-d5b5-458b-8b97-3f3a40aadf5f.jpg,消費税課税事業者が適格請求書発行事業者の申請登録をしない場合、インボイス発行は可能ですか？,不可能,条件付きで可能,条件付きで不可能,可能,1
c6f05186-09a2-4dde-a201-09ce0c3215e7.jpg,この画像に登場するラーメン店の名前は何ですか？,麺屋 白雪,麺屋 赤橙,麺屋 青空,麺屋 黒龍,2
2963edcf-9ab7-460b-b735-a64426298ef2.jpg,Which use case is included in both 'Analyze Risk' and 'Price Deal'?,Valuation,Capture Deal,Update accounts,Set Limits,1
e6815223-69ff-433c-aaa8-ca5d2abbabea.jpg,"In the decision tree, what is the expected value (EV) if the motion detector is chosen and it succeeds?",$0,"$-xx,000","$xxx,000","$xxx,000 for commercial grade",3
804c0417-fba8-4970-a576-1bf338bca32f.jpg,Which color on the map represents roads with high truck volume and high percentage of all traffic?,Green,Blue,Red,Yellow,3
ae9cb352-d356-4a7a-9c71-4c838c7789c5.jpg,2023年春のランキングで、三井住友銀行の順位は何位ですか？,8位,4位,12位,10位,1
dfa7a5b8-9265-4791-bec9-40050019c8ea.jpg,Which location shows the highest peak in new cases in the graph?,Guayas,Pichincha,Azuay,Manabi,1
23349a33-f282-4791-bce9-37510f2002f2.jpg,"In the sentence 'He went to the market yesterday', which part of the tree diagram represents the prepositional phrase?",PP,NP,AdvP,VP,1
71fad762-7a2e-422d-8a2d-d9e2758613bd.jpg,How many generations are represented in the family tree?,Two,One,Three,Four,3
4ad6b438-550f-4bd7-a885-45cc34c235e8.jpg,このチラシで、税込価格が最も高い商品はどれですか？,ひのまるもち (5kg),食後のデザート (各140g),ブラックサンダー (15袋),ギンナンチョール (450ml),1
27fd2368-5b2c-4ccf-9632-7138bea81716.jpg,右側面図における表面粗さの値はどれですか？,Ra 25,Ra 3.2,Ra 6.3,Ra 12.5,3
6146c5cb-9812-4232-a56a-f69c34ad40d2.jpg,Which MBTI type has the largest percentage difference between the MBTI Manual and Reddit data?,ENFP,INFJ,ISFJ,INTP,4
ceb6517f-5efa-420e-8066-9f6cc8e88da2.jpg,What is the highest value represented on the y-axis of the graph?,10,5,7,9,1
d9490948-2942-44a7-baf8-eec10cdc850f.jpg,この雑誌の表紙に登場しているグループの名前は何ですか？,King & Prince,嵐,関ジャニ∞,Travis Japan,1
dffa5c82-a0f8-4523-826b-bbfcca8f352b.jpg,What is the potential profit if ABC Ltd. chooses to expand the business unit and there is an increase in market share?,"₹2,500,000","₹1,800,000","₹1,000,000","₹800,000",1
af00355f-3540-4720-9dc1-9bde2ef2bfb6.jpg,Which entity experienced the highest GDP growth index from 1989 to 2018 according to the image?,U.S. Debt,Euro Area,S&P 500,China,4
9ef9d0f2-2976-4042-814f-ad55ac7fa9ee.jpg,この画像に掲載されている家の特徴として、どれが正しいですか？,地下室がある,屋上庭園がある,プールがある,アイランドキッチンがある,4
9e964254-3ebd-4503-a032-644ce6840b21.jpg,この画像で紹介されている新メニューは何ですか？,スープ,ラーメン,寿司,カレー,1
0ac3e855-519e-4295-a093-7d1a884ca67d.jpg,この間取り図において、洗面室の隣にある部屋はどれですか？,ホビールーム,トイレ,パントリー,玄関,3
1b31d6eb-9fbb-4839-a354-a69aad48a7e6.jpg,この広告で、エンジンオイル交換が無料になる条件は何ですか？,特定の車種のみ,平日のみ利用可能,初回利用者限定,9月末までに予約する,4
8990d1f3-95b2-4885-b613-191cb232eb3e.jpg,この雑誌の発行月は何月ですか？,8月,10月,7月,9月,4
33485ca3-8bef-4c0f-bec6-23bb4b7b031d.jpg,この図は何のプロセスを示していますか？,水の循環,風力発電,電気の生成,太陽光発電,1
fd500229-4142-4f83-8f46-2a1d1a288c66.jpg,えびすセールは何月何日から始まりますか？,1月9日,1月10日,1月2日,1月1日,3
f98a2764-1dc3-4ebf-af54-13d5a478d895.jpg,"In the given diagram, what is the bandwidth when the delay is 100 ms and the loss rate is 10%?",80 Kbps,60 Kbps,40 Kbps,100 Kbps,1
b9dc03b1-b40d-4f01-af99-1fb4dc4539f9.jpg,Which task is scheduled to start immediately after 'Core Module Analysis'?,Programming of Core Modules,Selection of Hardware Platform,Installation and Commissioning of Hardware,Analysis of Supporting Modules,2
d537e1c1-2590-4720-a453-50fc29842666.jpg,In which month did Fig1 have the highest value?,February 2017,March 2017,December 2016,November 2016,1
fe42c5a0-6360-4dc4-a621-a18748f334e1.jpg,この図において、制気口までのダクト長が大きく異なる場合に設置するものは何ですか？,ダクト,ファン,VD,制気口,3
38e0203d-01db-44a9-b727-bd638160e6f3.jpg,In which fiscal year is the gap between the 'Maintain service' and 'Ford budget' funding the largest?,2018-19,2019-20,2021-22,2020-21,3
c0c5b3e2-0d35-4174-bac3-503ec9096be6.jpg,このポスターの主なテーマは何ですか？,健康管理,環境保護,ハラスメントの防止,職場の安全対策,3
f25e61ee-3b8f-466a-8736-ece3c2e5ce79.jpg,Which city is connected by a new route according to the map?,San Francisco,Provo,New Orleans,Las Vegas,2
2ed12ef1-48d4-4796-8f5c-87f76665a474.jpg,この座席表の1階には何席ありますか？,500席,808席,642席,166席,3
a066e64f-2385-4777-b72a-2dd884ce20c5.jpg,"If 5 more students choose Yellow as their favorite color, how many students will prefer Yellow?",10 students,20 students,25 students,15 students,4
7d708db5-a55e-416d-a1fd-dd90f3c803d1.jpg,このGQ Japanの表紙で特集されている内容は何ですか？,スーツバイブル,ダイエットアカデミー,アウトドアピース,フォーミュラワン,1
e3cd22e3-6411-474c-8186-8bafd07cedd7.jpg,What discount is offered in the flyer?,35% Off,45% Off,25% Off,50% Off,1
65646f5c-d551-4957-8d75-1e6f3f184f38.jpg,ヴィセオヒルズ飯倉の販売価格はどのくらいですか？,"3,480万円","4,480万円","6,480万円","5,480万円",2
f26172d2-dbf7-487e-a57b-2b15a1e3812f.jpg,Which profession category has the largest percentage in the pie chart?,"Financial professions, including management",Lawyers,Medical,"Executives, managers, supervisors (non-finance)",4
a0421ed5-1394-4abe-86e7-bb6aee095491.jpg,この画像の中で、どのような先入観が批判されていますか？,男性はスポーツ、女性は芸術,男性は文系、女性は理系,男性は芸術、女性はスポーツ,男性は理系、女性は文系,4
2b7eb442-72ba-47f7-8e88-017db2ecc3f0.jpg,Which section is located directly in front of the stage and is divided into two parts?,Section D,Section B,Section A,Section CC,4
36b0aa32-bf6f-49c4-8308-ab32bbc221e7.jpg,この広告で紹介されているエアコンの中で、最も高価なモデルはどれですか？,RAS-DM22N,RASTJ40N2E3W,RAS-GM22N,MSZEM22E3W,2
95eee281-f365-4261-af66-e77330fe7182.jpg,この図面における右折レーンの幅はどれくらいですか？,3.5m,4.0m,3.25m,3.0m,4
31effe4c-6721-4816-9a9a-1c8b0295e3ba.jpg,The map shows various facilities at The Atta Terrace Club Towers. Which facility is located on the first floor (1F)?,Guestroom,Lobby,Fine Dining,Forest Villa,3
0f0bbf9d-de0c-4c59-8c26-adb13d1e0fb6.jpg,What is the steepness of the sidewalk at the intersection of Spring St and 2nd Ave?,1.5%,0.5%,2.0%,1.0%,2
2f4afc7d-0a22-49b9-b290-c1809b685c48.jpg,2022年の都道府県魅力度ランキングで、和歌山県の順位は何位ですか？,26位,27位,29位,28位,1
f2465f13-91ad-4834-b0fb-8fbda89ad8b1.jpg,At what time does the presentation on SEO start?,6:45 PM,3:45 PM,5:45 PM,4:45 PM,4
34af08d8-38db-476c-88f9-f2448a496b80.jpg,地図上で、TSビルアネックスはどの建物の近くにありますか？,スターバックス,いそじ,代々木VILLAGE,Y-SAPIX 東大館,2
4d0f863a-16ca-44fa-be6d-46788dde41da.jpg,What type of chart is depicted in the image?,Bar Chart,Line Chart,Area Chart,Pie Chart,3
c32de832-b74e-4231-a3ad-646d95a1d08e.jpg,この組織図において、A事業部に属している部門はどれですか？,開発部、製造部、事業部,開発部、経営企画部、製造部,経営企画部、人事・総務部,製造部、事業部、経営企画部,1
251528d3-db39-4b15-8381-dfbb256f0529.jpg,この雑誌の特別カバーに登場している人物は誰ですか？,桐谷美玲,川口春奈,有村架純,高橋文哉,1
3aaf35ca-b244-4824-a87f-31c4f48a7e19.jpg,製品1が最も高い評価を得ている項目はどれですか？,使い,サポート,ユーザーインターフェース,価格,2
48e4c7fd-fa3c-423b-b6e8-cc24d174e13f.jpg,Which activity do managers spend the least amount of time on according to the chart?,Training,Travel,Strategy / Analysis,Miscellaneous,3
1920a28d-d25a-46d9-a30f-d5bdbea9823b.jpg,What type of content is primarily featured in the image?,Social media posts,Newsletter templates,Business cards,Website banners,2
70b1e04f-6dca-45d5-8378-791c27deec85.jpg,どの方言が女性に最も人気がありますか？,標準語,博多弁,関西弁,京都弁,2
f70d9828-f738-4d5c-8d19-638cc894315c.jpg,1月13日に予定されているイベントは何ですか？,多目的研修室『お正月』,体験イベント『絵本に触れよう』,工作『お正月遊び』,カラオケ『歌ってみよう』,1
79300c00-3759-4bf8-8238-6bded1c7c0b4.jpg,Which component of the value chain analysis is responsible for transforming inputs into the final product?,Outbound Logistics,Marketing & Sales,Inbound Logistics,Operations,4
0ecbf05c-e495-4d91-934b-c3f3529d3dfa.jpg,和食のみを選んだ人数は何人ですか？,12人,13人,11人,14人,2
7006b121-7e85-4a27-9a21-1bc2458d44bb.jpg,13期において、最も高い数値を示しているのはどの会社ですか？,当社,どの会社も同じ,B社,A社,1
7de171d4-df1a-471a-9ac3-ddad7dc2f5f5.jpg,この間取り図の1階にあるリビング・ダイニングの広さは何帖ですか？,13帖,18帖,10帖,6帖,1
e527b6f9-5ef1-4156-ab8f-1f03f2456e04.jpg,In which class is the difference between the number of girls and boys the greatest?,Class 9,Class 5,Class 8,Class 6,4
8c5d3130-70cc-4749-b3ee-39c2e1cfb3f2.jpg,"アカウントに関して進行中の案件がない場合、従業員数が5,000人以上のアカウントはどのように処理されますか？",営業事務担当者がアカウントのスプレッドシートを送信して引き継ぎ,AM にアカウントを引き継ぎ、120日後に交替,AE がアカウントの所有権を保持,SMB AM にアカウントを引き継ぎ、120日後に交替,2
38b040ea-762b-40dc-8c92-aeb71340226a.jpg,この図において、SCMシステムに含まれている要素はどれですか？,販売システム,人事システム,購買システム,共通マスタシステム,4
3d3852d6-4edf-485d-ac8d-cf3e56f59388.jpg,Which country had the highest price for a Big Mac in 2016 according to the image?,Switzerland,Canada,United States,Germany,1
5e679e78-5ddf-414e-8ea9-8188a7f6c5d4.jpg,What is the special offer mentioned on the Pizza House flyer?,20% off on your first order,Free delivery on orders over $50,Buy two and get one free,Buy one get one free,3
f875277f-1870-47c1-95e8-1e5742c09434.jpg,"In the sequence diagram, which message is sent after the self message?",message 1,message 4,message 3,message 2,4
7206846d-110a-46be-af7f-af843a5cea54.jpg,Which route connects Aberystwyth to Bangor?,T1,T2,T4,T3,2
118c4875-c988-43a8-bed3-28fe865a591c.jpg,How many people chose purple as their favorite color?,5,7,3,6,3
61f0b9c7-f868-4ade-b7d1-323d44c8dfbf.jpg,2019年の東京都の65歳以上の人口はどれですか？,"2,329千人","2,434千人","3,209千人","1,425千人",3
718a9582-b52e-4e89-bf9b-aeae0b9e4fcc.jpg,あいかわデイサービスセンターで3月に行われるカラオケ教室の日付はいつですか？,18日,27日,24日,7日,1
9301132a-5648-4253-b8b4-2c403ab8c95e.jpg,Which music format had the highest sales peak according to the graph?,Cassette,Compact Disc,Streaming,Vinyl,2
804c28fc-6a53-4b3b-97d0-48d37db66aff.jpg,画像の中で、最も変化が大きかった項目はどれですか？,授業内容がつまらなく感じたこと（反面）,課題表の機会,授業内での学生間のディスカッション,授業内容に興味をもてなかったと感じたこと,2
a43b7186-f291-4383-895d-87e75a724920.jpg,この雑誌の発行月は何月ですか？,11月,1月,10月,12月,4
8b75c855-455f-407c-a655-d3e999873edc.jpg,前田利家の家系図において、加賀藩初代は誰ですか？,利常,利治,利政,利孝,1
c7df1f04-032f-47f8-ac17-f547be9d9706.jpg,ランキングで5位の名前は何ですか？,とうちゃん,しょうた,パパ,ママ,3
03cc0a4f-afe0-4f3d-b814-cc5592d4302e.jpg,サプライチェーン図解において、モノの流れの順序として正しいものはどれですか？,卸売業者 → メーカー → サプライヤー → 小売業者 → 消費者,消費者 → 小売業者 → 卸売業者 → メーカー → サプライヤー,サプライヤー → メーカー → 卸売業者 → 小売業者 → 消費者,メーカー → サプライヤー → 卸売業者 → 小売業者 → 消費者,3
d69f2ab1-98a2-400e-984e-b3d38a794648.jpg,Which country had the highest average spending on health per capita in 2011 according to the graph?,Germany,United States,Norway,Switzerland,2
e83b0490-2020-48e8-a5d8-e98afa3f55d4.jpg,東京女子プロレスの両国KFCホールの座席表で、北側のスーパシートの列はどれですか？,3列,4列,1列,2列,3
512ad23b-ea4e-483b-86bf-86fde582dea0.jpg,What is the difference in life expectancy at age 50 between the 1930 and 1960 cohorts for Quintile 5?,8.1 years,7.1 years,6.1 years,5.1 years,3
58e70564-5fb8-4f31-87a7-b1a416509721.jpg,この雑誌の表紙に書かれている特集のテーマは何ですか？,肌と髪のツヤ,健康的な食事,秋のファッション,旅行のおすすめ,1
f4497230-9429-4d53-86fb-fb926640d1ba.jpg,What is the duration of the 'Prepare Financial Statements & Balance Sheet' task?,12 days,5 days,7 days,10 days,3
7838f308-8953-411d-ba22-93f4bf8bbb77.jpg,Which apartment is located at the intersection of the North and East aspects?,2105 - 2805,2104 - 2804,2108 - 2808,2101 - 2801,2
e0e2396e-2362-408f-b89c-d419ac12bda9.jpg,Which era marks the beginning of the Phanerozoic Eon according to the timeline in the image?,Precambrian,Paleozoic,Cenozoic,Mesozoic,2
acad7b47-f2c5-4652-bd03-3b59274acb39.jpg,この雑誌の表紙に描かれているキャラクターが持っている武器は何ですか？,剣,斧,槍,弓,1
f6712606-67ad-4b79-84fd-0962001113b2.jpg,What is the step that follows 'Develop proposal' in the project cycle?,Execute Project,Submit & Negotiate,Define opportunity,Award setup,2
cc3a500f-be37-4644-98ce-d6db7aa6b2c0.jpg,この図面において、補強筋の直径はどのくらいですか？,6mm以上,9mm以上,12mm以上,15mm以上,2
ebfa57d6-9be8-42a1-87f8-1e5a46ccaf8e.jpg,What is the listed price of the property shown in the image?,"$750,000","$725,000","$699,000","$650,000",3
f22b2b42-404f-499e-a5f6-461e24dd0955.jpg,What economic concept is illustrated by the shift from D1 to D2 in the graph?,Increase in supply,Decrease in supply,Increase in demand,Decrease in demand,3
572cc32b-bfaf-484b-961f-326976efca53.jpg,Which task under 'Strategic Projects' has the longest duration?,Guys Tower Façade Feasibility,Redevelopment of Guys Site,Modernisation Workstream,PET Feasibility,3
f55dd8d9-ac74-47fd-9419-b913b95429fa.jpg,この広告で紹介されているイベントは何ですか？,キッチンリフォームセミナー,防災セミナー,リビングデザインワークショップ,エクステリア商品展示会,2
897454d5-6289-4ca8-a47b-da939658d393.jpg,この図において、主活動に含まれないものはどれですか？,技術開発,製造,サービス,購買物流,1
32bb374b-9011-4ab6-8273-c5bd8dfcdba6.jpg,3階のどの部屋が災害対策室として指定されていますか？,市長室,304会議室,302会議室,副市長室,2
36238791-536d-4a0e-88e3-48099e5cca91.jpg,2004年に新規公開された会社のうち、最も多くの割合を占めた市場はどれですか？,東証（二部）大証,ヘラクレス,マザーズ,ジャスダック,4
c7075352-079c-4595-bb8b-d5aac5f3ede1.jpg,第72回全日本バレーボール高等学校選手権大会で優勝した学校はどこですか？,松本国際（長野）,東山高校（京都）,東亜学園（東京）,鎮西（熊本）,2
d1fff6f8-c9e4-47a4-900e-f086904f177f.jpg,Which country scored the highest in the PISA 2018 worldwide ranking?,Singapore,China (B-S-J-Z),Japan,Estonia,2
ef3278c7-16dc-42ca-856c-ac3bb7f68f75.jpg,What is the main topic of the article mentioned on the magazine cover?,The history of constellations,Top 10 businessman food,15 business secrets,How to be successful,4
7259777e-3c2a-4764-8cef-f3b98928779c.jpg,Which country has the second highest average GWh in 2014 according to the chart?,AUS,IND,GHA,EGY,4
e23f4a6a-8030-44a1-b87e-ad1b69bd108c.jpg,What is the maximum discount offered during the sale event?,50%,70%,60%,80%,2
6cca8b3f-082c-47ed-b7a1-27037208a6a0.jpg,Which personality type has the highest percentage in the chart?,ISTJ,ESTJ,ENFP,INFJ,3
4356141f-9c9f-417b-954a-aafa282e5e53.jpg,What is the primary evacuation route from the large conference room?,Exit through the door at the bottom and follow the red arrows to the nearest emergency exit.,Exit through the door to the right and follow the blue arrows to the nearest emergency exit.,Exit through the door at the top and follow the blue arrows to the nearest emergency exit.,Exit through the door to the left and follow the red arrows to the nearest emergency exit.,1
a0afb47f-4a89-4c8a-975d-85cd0af54350.jpg,"In the operational scenario of a configuration management system, who is responsible for approving or rejecting change requests?",Project Manager,Developer,Configuration Manager,Auditor,3
fb7e7e05-2385-4f54-94c2-56baccb0d626.jpg,Who is the mother of Nikki?,Amanda,Jane,Heather,Tiffany,2
c3df2544-d5e5-403e-8971-e7af3c6b21ca.jpg,このグラフにおける相関係数はどのような意味を持っていますか？,マクドナルド店舗数とP低貸台数割の間に強い正の相関がある,マクドナルド店舗数とP低貸台数割の間に弱い正の相関がある,マクドナルド店舗数とP低貸台数割の間に強い負の相関がある,マクドナルド店舗数とP低貸台数割の間に相関がない,3
c04ddb12-512e-48a0-bbc8-2727ca34882d.jpg,エアコンの冷凍サイクルにおいて、圧縮機の後の冷媒の状態はどれですか？,高温高圧の気体,低温低圧の液体,常温高圧の液体,低温低圧の気体,1
c3a00591-50c6-4dcd-a1b7-f170d6eb4374.jpg,『俺のフレンチ』のビジネスモデルにおいて、利用者がフレンチ料理を楽しむためのスタイルは何ですか？,デリバリースタイル,立ち食いスタイル,テイクアウトスタイル,座って食べるスタイル,2
61692b35-6dce-4389-b3b4-8dd3ef454f33.jpg,What year did the Olympic Games depicted in the poster take place?,1952,1936,1948,1960,3
9ca439b5-7c59-44d8-85c1-cf0610c05fc8.jpg,画像によると、災害時に使用される水はどのように供給されますか？,ボトルウォーターを購入して,学校や公園に設置された給水設備を通じて,直接川から汲み上げて,家庭の蛇口から,2
f46c41c2-0844-40e5-95cc-421f9df16a4a.jpg,Which city has a high-speed inter-city service according to the map?,Miami,Los Angeles,Chicago,New York City,4
c06c3cd6-26e8-4ca7-b8a4-7e74124b8b16.jpg,第2四半期における地域2の売上高はどのくらいですか？,"200,000","400,000","300,000","100,000",3
e5df9a4e-ed3b-4f1d-9158-eb3dbe0230a7.jpg,このトーナメントで優勝したチームはどれですか？,京都ベアーズ,島本イング,法タイガース,東山ライダース,4
71c7010b-5a97-4256-b9a5-cfa933f508ba.jpg,このグラフは何年から何年までのインフルエンザ定点報告数を示していますか？,2013年から2025年,2011年から2023年,2012年から2024年,2010年から2022年,2
9a1aa0f3-6b98-456d-96ed-282931ea54e9.jpg,"Which task is scheduled to be completed by Jennifer Jones with 100% completion by January 23, 2017?",Software Design,Design Database,Interface Design,Create Design Specification,1
a95512ec-663c-4425-9e52-219194f202ef.jpg,Which event is scheduled to occur on September 30?,Masonic Youth,Boardwalk trip - Santacruz,Tomato Festival,Harvest Dinner Fundraiser,2
9052f588-ea7a-4565-b1ba-d0433c306675.jpg,グラフにおいて、'Normal'のカテゴリーが最も多い果物はどれですか？,Apple,すべて同じ,Orange,Pear,1
b26c3206-4e4a-467e-b470-49e679b9c02b.jpg,What is the main purpose of the document shown in the image?,To outline the company's future business plans.,To explain the consolidated financial results for Tadano Ltd.,To announce a new product launch by Tadano Ltd.,To provide an annual report for Tadano Ltd.,2
ab7685b5-2515-43ff-83bf-f018ee5d91a4.jpg,Which part of the circle is defined as a line that intersects the circle at exactly one point?,Secant,Chord,Radius,Tangent,4
43a0b600-0aa0-4655-9442-89305d1d01dc.jpg,このグラフにおいて、名目GDPが実質GDPを下回った年はどれですか？,2011年,2020年,1998年,2009年,4
bd36f551-7bd4-4abe-a170-392e397ed8a6.jpg,新神戸駅から『すこやか整体』までの徒歩時間は何分ですか？,5分,3分,10分,1分,2
e8352b13-ac25-4e5c-9474-f9808907e635.jpg,What is the main theme of the fashion style featured on the cover?,Vintage Autumn,Casual Summer,Royal Blue,Urban Streetwear,3
86893ca5-c0f9-4ccb-85ae-e1f6d43681d6.jpg,この画像の中で、映画チャンネルに含まれている作品はどれですか？,『マックス4Kスポーツ』,『おうちは最高のエンタメスポット』,『2.5次元な彼女』,『サイレント・映画』,4
d222682e-d03e-472a-baef-6c2750b9f5fb.jpg,Which station on the map is accessible only during peak times?,Blackfriars,Euston Square,City Thameslink,Bank,1
6acd6030-5a78-407c-bd37-8353e3e884bd.jpg,このグラフにおいて、プラごみの輸出量が最も多かった年はどれですか？,2005年,2015年,2010年,2018年,2
05322b49-ba9f-42d0-bb51-70c00132e113.jpg,What type of video quality is highlighted for the services offered?,8K,Full HD 1080p,4K,720p,3
6af11c41-ccc6-4b56-8c8d-790d06e3ab05.jpg,What is the dress code for the Annual Gaia Night 2050 event?,Formal,Casual,Black and White,Costume,3
4e9b2546-be9f-4536-8b4b-b3ae7a15f62e.jpg,What does the scatter plot suggest about the relationship between 'Drive Alone to Work' and 'Metro Health Index'?,There is a negative correlation between the two variables.,The correlation is unclear from the plot.,There is no correlation between the two variables.,There is a positive correlation between the two variables.,1
88b0c8a4-bc81-47d8-875b-fc3ca0edfe4c.jpg,What is the common feature of the graphs in the image?,All graphs are in color.,All graphs depict a decreasing trend.,All graphs show a linear trend.,All graphs include both line and bar elements.,4
ec811856-2440-417c-9f18-b5ae688b0b32.jpg,この画像のタイトルは何ですか？,名探偵コナン 黒鉄の魚影,名探偵コナン 赤い真実,名探偵コナン 白銀の謎,名探偵コナン 青の追跡者,1
87da7db0-2118-4b42-a580-e0dbb9b4e89f.jpg,What is the main theme of the magazine issue featured in the image?,Fitness Tips,Timepieces,Travel Destinations,Fashion Trends,2
98b98a55-8a48-4500-992f-a5311344eb9f.jpg,体重60kgの人が1日に必要な水分摂取量はどれくらいですか？,1.6L,3.0L,2.5L,1.0L,3
cc79daa8-739b-48b3-b1c9-1b7e0f2df12e.jpg,Which column has the highest value in Series Two?,Column 3,Column 6,Column 5,Column 1,1
81511822-c2cf-4372-810e-a052a32ee272.jpg,What happens if a customer does not have an email address or a mobile number?,The customer cannot create an account.,The customer is redirected to Facebook.,The customer is sent a verification link via email.,The customer is asked to provide an email address.,1
0a81ea54-41a3-4325-8eac-d9cb84f328c4.jpg,What is the primary focus of the school advertisement?,Launching a new website,Hiring new teachers,School admission open for 2022,New playground facilities,3
285c2438-20d0-4928-83a8-beaaa06d0b49.jpg,この地図で、工事が行われているエリアはどこですか？,千葉,東京,埼玉,神奈川,2
eedc2dc8-0692-4a87-9ce4-61a62f77806c.jpg,What could be a reason for the abrasive wheel disintegrating due to stress limit exceeded?,Tool impressed at excessive angle,Operator's eye not protected,Machine eye shield removed,Operator in front of wheel,1
42dcd2ad-15fa-484e-aa32-63f3f4abc7dd.jpg,この広告で紹介されているイベントは何ですか？,内覧会,新築住宅の販売,ガーデニングワークショップ,リフォーム相談会,1
4cb6ab13-964d-4090-bc0e-19ab2b0b4a7e.jpg,画像の中で、昭和23年10月28日生まれの人物は誰ですか？,箸豆 雅行,模範 静香,箸豆 春枝,箸豆 治行,3
98ffd7b3-b500-4401-a22d-20a6f23552a5.jpg,人気離島ランキングで5位にランクインしている島はどれですか？,久米島,石垣島,宮古島,小豆島,1
1e9e7a95-85c0-45c0-9cc9-ddd0f16ba576.jpg,What is the central section of the Venn diagram labeled as?,Inter section,Core section,Sub section,Main section,1
7ff21dc7-2f46-44c9-8fea-00eaf360e88f.jpg,構造図に含まれない図はどれですか？,パッケージ図,オブジェクト図,クラス図,ユースケース図,4
f2af82f9-9f8f-4b03-b544-5c5269663f96.jpg,Which of the following is not a component of Configuration Management as shown in the image?,Deployment,Identification,Baseline,Version Control,1
13c8defd-253f-43cb-8ee4-f92bef094546.jpg,What is the main theme of the Men's Health magazine cover?,Technology and Gadgets,Body Power and Fitness,Cooking and Recipes,Travel and Adventure,2
2287476a-d726-4738-8bfc-e255a05af14a.jpg,準決勝で桐蔭学園が対戦したチームはどれですか？,流経大柏,東福岡,大阪朝鮮高,京都成章,3
897b9824-400f-41ce-8aef-d34272e484f3.jpg,Which activity is allocated the least amount of time in the pie chart?,Finance,Event planning,Wrap-up,New Business growth,3
015c1d62-8293-4d9b-8d41-55a24655acd2.jpg,2014年から2015年にかけて、どの国のデータが最も急激に増加しましたか？,韓国,中国,どの国も増加していない,アメリカ,2
3064d627-cdfd-46a6-bdba-94b1be90e88c.jpg,What is the range of the y-axis values in the scatter plot with grouped markers?,0 to 21,0 to 25,0 to 15,0 to 18,1
ea244528-0507-4cad-97fc-e261edb7a245.jpg,What is the total prize money for the first three winners in the festival?,"RP 2,000,000","RP 2,250,000","RP 1,500,000","RP 1,750,000",2
f803bc3e-cde5-4ebd-a6aa-5395379eaa4d.jpg,この地図上で、E10号線が通っている都市はどれですか？,中津市,佐伯市,大分市,日田市,3
a32d027c-04e7-4f10-9fce-b82a09a7fe00.jpg,Which department occupies the largest segment in the outer ring of the chart?,Administration,Marketing,IT,Sales,4
5affc071-5139-4b06-b23e-3c5fca3fbd32.jpg,アンケート画面の初期表示を行うメソッドはどれですか？,初期表示() : void,次へ() : void,集計開始() : void,回答実行() : void,1
ae686474-c09e-4d2d-8936-27496dfc5442.jpg,What is the main theme highlighted on the cover of this magazine?,Celebrity interviews,Travel destinations,Extreme passions,Summer fashion trends,3
b32517c0-10dc-4981-b070-993d5dad4c81.jpg,このフローチャートにおいて、スナップ写真の確認が行われるのはどのステップですか？,3. 入力内容を証明画像で確認,x. システムエラー対応,2. 本人写真を確認,1. スナップ写真の撮影を依頼,3
ea39113c-bded-4604-bf67-c27531d96637.jpg,Which material is used for the construction of the King's Chamber in the Great Pyramid at Giza?,Granite,Limestone,Soil,Fine Limestone,1
34c3f799-2295-4bed-87c4-d3e1f1e50111.jpg,What is the percentage value associated with the green bar in Design 01?,50%,62%,25%,75%,4
c3ab3ac4-d056-4b5d-aaf9-5e4caef0fe13.jpg,Who is the Interim-Assistant Vice Chancellor for Strategy & Business Transformation in the UCSF Program Management Office?,Trish Hackemack,Kelly Graff,Jill Goldsmith,Stephanie Metz,4
fb9c5cf9-e28b-47bb-ba64-34de9b2aedd6.jpg,第100回全国高校サッカー選手権大会 愛媛県大会の優勝チームはどこですか？,松山商,新居浜工,宇和島東,今治東,4
b643ebc4-bb79-482d-8a4a-57eb54e089a9.jpg,このポスターはどの学校の宣伝ですか？,東京医療専門学校,大阪医療専門学校,名古屋医療専門学校,金沢医療技術専門学校,4
fa415d68-722c-4aff-a0ee-4f38e5085d84.jpg,What is the main focus of the Men's Health magazine cover?,Diet recipes for weight loss,Mental health advice,Fashion trends for men,Tips for achieving a summer body,4
bc234daa-103c-4530-b3de-c96bf19481d7.jpg,フローチャートにおいて、敵が来た場合に下から来た場合の次のアクションは何ですか？,ジャンプ,ゲーム終了,しゃがむ,右に進む,1
c108ed83-89ca-4b77-b3d5-94e178ea7b56.jpg,Which city appears to be a major hub with the most flight connections in the map?,New York,Los Angeles,Atlanta,Seattle,3
b4470453-2be2-4d6a-bbad-20b5bea3d2fb.jpg,この間取り図において、LDKの広さはどれくらいですか？,16.6J,22.5J,8.0J,5.3J,2
697e2d5d-c9e9-4847-92be-21f685b84621.jpg,What is a key objective to improve river water quality according to the diagram?,Catch and income of fishing families is stabilized or increased,Increased capital investment,Polluters are effectively controlled,The quantity of solid waste dumped into the river is reduced,4
b62e430c-ae45-4f51-9ed0-9565d30a272a.jpg,Which of the following is not a type of Structural Diagram in UML?,Activity Diagram,Class Diagram,Package Diagram,Component Diagram,1
24c3a55d-1564-46a4-bc29-ae64234ebf03.jpg,サマーキャンペーンでA賞として提供される商品は何ですか？,歯ブラシ・コンセントセット,サーモマグ,衣類スチーマー,ダイソン扇風機,4
84d226b9-65f4-422f-86a4-bdaeef313fd7.jpg,Which type of flooring is not suitable for use in kitchens according to the Flooring Suitability Checker?,Solid Wood,Engineered Wood,Carpets,Artificial Grass,1
ab8b7e79-3926-46f9-82ba-7b524827fea1.jpg,What is the function of the 5-way pickup selector in the Stratocaster HSS2 configuration?,To activate the humbucker in all positions,"To control the tone for positions 2, 3, and 4",To adjust the master volume,To switch between different pickup combinations,4
58f00a0a-4aba-4c7d-a284-cb79add18b5d.jpg,"What is the total saleable area of flat numbers 201, 401, 601, and 1004 combined?",4044 sq.ft.,3036 sq.ft.,3030 sq.ft.,4040 sq.ft.,4
04e16e88-0941-4456-b3b4-a9ff9c465d2a.jpg,What percentage of people chose 'Other' as their favourite colour?,15.0%,20.0%,27.5%,32.5%,3
e9eb794b-cf05-43e5-9783-406596d51680.jpg,この雑誌の発行月は何月ですか？,5月,3月,6月,4月,1
604c5c0e-2de3-4659-b17e-640ab358fdc0.jpg,このグラフにおいて、2014年第2四半期に日本のGDP成長率が急激に低下した主な理由は何ですか？,自然災害の影響,輸出の減少,消費税の引き上げ,金融危機,3
ad8738c3-933c-4bf9-a986-b19b47cebcee.jpg,Which frequency band has the highest decibel level in the chart?,1kHz,250Hz,31Hz,8kHz,2
54cf08de-2d31-4dbe-9ef5-57db478ed2bf.jpg,How many total seats are available across all tables in the round table seating chart template?,36,24,28,32,4
6df05c2a-783f-4689-832e-c48e3b1dbc7f.jpg,この画像で示されている避難レベル3の行動は何ですか？,情報収集,避難の準備,緊急安全確保,避難指示,2
c9e9229c-5be2-436d-859d-e4e2633f6a4c.jpg,"In the Library Management system, which class is responsible for handling book-related operations such as adding and removing books from the catalog?",Librarian,Books,Member,Catalog,2
99371e2c-9eae-41be-9e4f-aa210e2fd583.jpg,What is the approximate range of the x-axis values in the bubble chart?,15 to 75,10 to 70,0 to 50,5 to 80,4
51bea371-3ebc-4134-8252-d1d659162379.jpg,In which month does Q2 start according to the product roadmap?,March,April,June,July,3
cb1cff6c-bf0e-4220-9766-687ad6e1f598.jpg,10月28日（土）のAM10時から放送される番組はどれですか？,プライスクラッシュ！！,カナダ・ゆとりの旅,スポーツ,映画 パンザイ,2
a38cc4bc-57c5-4273-b154-136a6ff23276.jpg,What type of correlation is depicted by the middle scatter plot in the image?,No Correlation,Positive Correlation,Perfect Correlation,Negative Correlation,4
ec175854-7f32-46ed-9dc7-778deddcb5fb.jpg,Which element group is represented by the tallest columns in the image?,Noble Gases,Transition Metals,Alkali Metals,Halogens,1
a7338a26-7943-4b1b-b222-1037b60de773.jpg,Which section has the most Laboratory Technologists under its supervision?,Microbiology,Sample Reception,Chemistry,Hematology,2
ad220ba2-c490-432f-be44-66b09c0eb34d.jpg,Which part of the circle is defined as the line that touches the circle at exactly one point?,Arc,Chord,Secant Line,Tangent Line,4
9407fbfd-11db-44d9-a1c3-24a6c1efab0b.jpg,Which major desert is located in the southeastern part of California as shown on the map?,Great Basin Desert,Mojave Desert,Sonoran Desert,Chihuahuan Desert,2
1b03963b-e3f1-47c7-977a-3d134a765d11.jpg,"In the organization chart, which position is directly below 'DONEC QUAM FELIS'?",AENEAN MASSA,IN ENIM JUSTO,AENEAN COMMODO,CONSECTETUER ADIPISCING,4
d88a4a00-e118-44b7-aef5-cbd060d12c7e.jpg,この雑誌の発行月は何月ですか？,4月,3月,2月,1月,3
d0e89690-8b93-430a-af1a-6583d0ad4c95.jpg,台風接近5日前から行うべき避難行動はどれですか？,台風情報を確認する,自宅や建物の高いところに避難する,全員避難を実施する,高齢者の避難を開始する,1
0ad7ee8a-4842-4820-8358-2bcb1c443864.jpg,このイベントはどこで開催されますか？,大阪城ホール,名古屋市公会堂,川崎能楽堂,東京ドーム,3
205c8562-e944-4510-b1be-767e0e25ccd8.jpg,Which node has the most outgoing connections?,Node D,Node E,Node A,Node B,4
0f28f36f-c482-4faa-a5b6-f3d1bd32d5e7.jpg,この画像は何周年を記念していますか？,100周年,75周年,50周年,150周年,1
60cd3208-8058-42c2-9d50-573d50753bc4.jpg,A市の都市計画案に対する県の指摘事項は何ですか？,廃止を再考,原案どおり決定,用途地域の変更を中止,計画を撤回要求,4
94e372cb-3c60-420b-95ef-38fb067f657b.jpg,Which stadium will host the match between Brazil and Mexico?,"Arena de São Paulo, São Paulo","Estádio Castelão, Fortaleza","Arena das Dunas, Natal","Arena Amazônia, Manaus",2
67704a87-caab-46c6-8931-70e35a225c3b.jpg,What is the date and time of the restaurant's opening?,"Saturday, June 13 at 12AM","Saturday, June 13 at 12PM","Friday, June 12 at 12PM","Friday, June 12 at 12AM",4
8e6cecb3-a92b-4c28-9999-3b81129c19d8.jpg,この講座の講師は誰ですか？,田中 太郎,松本 賢一,鈴木 一郎,山田 花子,2
17059081-4658-45bf-953c-d3780a2a9827.jpg,Which Amtrak route connects San Francisco and Los Angeles?,Capitol Corridor,Amtrak Connecting Thruway Bus,San Joaquin,Pacific Surfliner,4
a43a6107-6b26-4b2f-ac6c-9a4559511399.jpg,5月のバナナの売上はどれですか？,"¥18,454","¥64,720","¥18,454","¥10,827",1
e8fb6635-526a-4c58-9251-2dda399009a0.jpg,What is the primary role of the web server in the system architecture shown in the image?,To provide a visual interface for users,To store resident's information directly,To facilitate communication between the user interfaces and the database,To manage user authentication and authorization,3
b9b84811-725f-4be9-9759-3fd69b5c2291.jpg,What is one of the suggested actions to save energy according to the image?,Unplug electrical appliances not in use,Leave lights on in empty rooms,Use non-eco-friendly bulbs,Keep taps running continuously,1
491c4897-b0e5-4751-bd12-e706860f8934.jpg,このモデルハウスのオープンイベントは何時から何時まで開催されますか？,14:00から18:00,13:00から17:00,11:00から15:00,10:00から16:00,2
5d19facd-6b26-4a52-81b3-4d57a3514169.jpg,What is the total length of the base of the object in the image?,80 mm,140 mm,120 mm,100 mm,4
61f669e5-c721-46e6-bce4-4f39217857d7.jpg,What section of the infographic discusses the use of a syringe?,First Aid Kit,Injection,Medicine,Nutrition,2
cbf65f93-e9df-4ddd-85d7-abbe0d6fe8e9.jpg,Which table contains the foreign key that links to the 'SalesTerritory' table?,SalesOrderHeader (Sales),SalesPerson (Sales),Customer (Sales),Store (Sales),2
a71a5b64-43cb-41a1-8b4f-8f29301579c2.jpg,クラス図において、矢印の向きはどのように決定されるべきですか？,クラスの中央から生やす,クラスの縦方向から生やす,クラスの下部から生やす,クラスの横方向から生やす,4
346333e1-c737-4e7d-8b38-fc664d829cf7.jpg,What is the approximate salary range for individuals aged 25 in the scatter plot?,"$24,000 - $28,000","$32,000 - $36,000","$36,000 - $40,000","$28,000 - $32,000",4
8c2a7295-c732-4ad0-8003-460ea98c1442.jpg,In which year did the National Government Financing reach its highest level according to the chart?,2003,2010,2005,2008,2
4e6fc2e5-7c11-4b70-a542-f4e59db54455.jpg,この間取り図において、リビングダイニングキッチン（LDK）の隣にある部屋はどれですか？,浴室,ファミリークローゼット,デッキ,玄関,3
f74f51fd-82ab-4851-b044-4a9aab152dff.jpg,この地図に示されている高速道路の中で、九州自動車道はどの色で示されていますか？,青色,赤色,緑色,紫色,4
375935c3-9e74-47a5-a0fc-141469328f56.jpg,初級コースにおける男女の人数差はどれくらいですか？,約10人,約20人,約30人,約40人,1
fb5637f0-814f-42f3-82af-1ee60a022a06.jpg,このオープンハウスイベントはどこで開催されますか？,京都市左京区,西宮市仁川百合野町,大阪市中央区,神戸市灘区,2
d3d0b266-c47a-489c-ad31-8959834554f8.jpg,カレーライスが好きな人の割合が最も高い学年はどれですか？,三年生,四年生,一年生,六年生,2
8d071216-4008-4872-b862-262ff99633a4.jpg,このネットワーク図において、WebSocket通信はどのポートを使用していますか？,80/tcp,3001/tcp,25/tcp,443/tcp,2
cba2074d-0cdd-425d-9054-1c74385dc56b.jpg,このチラシで紹介されているエアコンのメーカーはどれですか？,DAIKIN,Panasonic,すべての上記,MITSUBISHI,3
3f857e10-af3d-462a-bace-614b62e2aef6.jpg,この図において、自然冷媒の熱を水に伝えるプロセスはどのステップですか？,ステップ2,ステップ4,ステップ1,ステップ3,4
51e6cbfa-8939-441a-bad1-3f7624d5788e.jpg,"Which category has the highest estimated 5-year NPV in the 'Higher Value, Lower Risk' quadrant?",Category 3,Category 4,Category 2,Category 1,4
464279f0-1ad9-44e1-bc7e-5924b2239ff0.jpg,What is the duration of the 'Turn-Over of Board Resolutions' segment in the program?,20 minutes,10 minutes,15 minutes,30 minutes,4
b06a5915-1b66-4d50-9212-ea3161dbec04.jpg,この系図において、徳川家康の次に将軍となったのは誰ですか？,徳川家光,徳川家綱,徳川家治,徳川秀忠,4
509ea403-1043-471e-837f-efe36daee7c4.jpg,名古屋市営地下鉄の路線図において、名城線の駅として正しいものはどれですか？,上飯田,金山,栄,名古屋,3
d2060210-055f-44ee-a0d4-cf1796c2e214.jpg,どの月の増加率が最も高いですか？,9月,6月,7月,10月,4
56b2b943-45c0-4b74-8e47-d0d715af31cf.jpg,このガントチャートで、2015年6月2日に開始されるタスクはどれですか？,ソースを作る,フライを揚げる,レシピを考える,生地作り,4
7c46c870-0d27-4299-8bac-dcaa36bd0a73.jpg,IT部門がビジネスユニットに提案を行う前に必要なステップは何ですか？,既存のソリューションを確認する,予算の条件を確認する,プロジェクトを開始する,ITの専門家に必要調査のサマリーを作成させる,4
8720f6b1-53fb-48e9-a35a-a44287887b8f.jpg,Which room is located closest to the Southeast Terrace?,Room 306,Room 303,Room 305,Room 304,2
0b8eac45-e6df-4834-b54e-47ebed8f11e3.jpg,秋のマルシェはどこで開催されますか？,駅前広場,中央公園,ふれあい広場,市民ホール,3
3b49ba95-dbf8-4d06-a233-894b9c6b20d6.jpg,Which component is not part of the Value Chain Analysis Template shown in the image?,Marketing,Procurement,Technology,Resources,1
88ea4c74-4821-48f9-a794-137f5ed02de7.jpg,1997年1-3月期の新設住宅着工の前年同期比はどれですか？,-3.8,-22.7,-10.2,-18.6,1
1ef0f119-cc63-4f43-bb40-2228beac39fd.jpg,表の利用に関する説明として正しいものはどれですか？,一般的なパターンを示すために使用される。,データの具体的な値を示すために使用される。,データを表に入れることはできない。,データの視覚的な表示を行うために使用される。,2
47201e53-ec94-4009-9267-3014f76c39ca.jpg,L8扉の近くにある座席の列番号はどれですか？,"11, 12, 13","8, 9, 10","17, 18, 19","14, 15, 16",2
962f214f-bcf8-4e51-8fa6-c3d17c0cd2c1.jpg,What is the total floor area of the building as shown in the plans?,129.29 sqm,80.07 sqm,24.61 sqm,104.68 sqm,4
eafd228e-e8cb-420d-a7c1-e554a7d2ddb2.jpg,What is the main theme depicted in the image?,Romantic encounter,Preparation for battle,Scientific discovery,Peace and tranquility,2
b3cd1642-398c-4d3d-b39b-edbe5c33807a.jpg,この図面において、非常口の数はいくつありますか？,6つ,4つ,3つ,5つ,4
be58283a-41c2-4d30-b026-95c0f76ff87b.jpg,漢字が難しいランキングで、最も得票数が多い都道府県はどれですか？,愛媛県,新潟県,茨城県,岐阜県,2
f3691b8f-0635-4e0b-b9e7-9098aa40bcd1.jpg,Which function is responsible for verifying user credentials in the system?,Verification_by_db(),View_feedback(),View_profile(),Add_student(),1
6258a84c-366f-46df-8fee-1ad5630967df.jpg,What is the main theme of the advertisement in the image?,Promoting a new burger flavor,Highlighting a partnership with a fuel company,Introducing a new dessert menu,Encouraging healthy eating habits,2
1ffdd596-2946-4098-8fb5-7780a8df06be.jpg,Which student has the highest score in Programming?,Student 1,All students have the same score,Student 3,Student 2,3
571eb27c-0287-4cc2-9bce-aee375183c7b.jpg,Which of the following is not a type of Structural Diagram in UML?,Composite Structure Diagram,Deployment Diagram,Activity Diagram,Class Diagram,3
cbbf929b-4f43-457d-85c1-6b258691492b.jpg,全国好きな芸人ランキングで3位にランクインしているのは誰ですか？,千鳥,明石家さんま,ダウンタウン,サンドウィッチマン,1
a8df87d7-729e-4da2-838c-6b609a6e8fd7.jpg,Which percentage corresponds to the third bar from the top in the horizontal bar graph?,50%,80%,95%,70%,4
e75275cf-381a-453c-bd99-bb9eb44764d1.jpg,On which day did the green data set have the highest value?,Thursday,Wednesday,Tuesday,Monday,4
80f70772-4ca3-48b4-8eb8-11645fe38d28.jpg,"Which element is directly connected to 'Business Model' and focuses on ensuring safety, health, environment, and quality?",Network,Audit,Infrastructure,SHE & Q,4
c548c6ee-cbcf-4f53-9c3b-f73d3e9559b5.jpg,What is the price of the Vogue magazine issue shown in the image?,25 Cents,45 Cents,55 Cents,35 Cents,4
ed13b1b4-741f-4154-bd86-1b8714182879.jpg,この図における『支援活動』に含まれないものはどれですか？,販売・マーケティング,技術開発,人事・労務管理,企業インフラ,1
a628ec16-fcab-446f-8632-58fc5dea8cf7.jpg,東京さくらトラムの路線図で、桜のアイコンが最も多く表示されている駅はどれですか？,王子駅前,町屋駅前,荒川遊園地前,早稲田,1
2cbbc75b-159f-435a-b19e-b0c3ad87b50c.jpg,画像の『AFTER』の方法では、どのカードが日用品費に使われていますか？,B/43マイカード（右）,B/43ペアカード,B/43マイカード（左）,メインクレカ,2
20aa2d66-c293-4712-a76c-e7b9dbbd5ef8.jpg,In which year does 'Title 5' appear on the timeline?,2021,2022,2018,2020,1
f4067ebe-a092-4998-b603-f6d7d68652d9.jpg,この図において、Netflixがオリジナル作品を制作するために行うステップはどれですか？,ユーザーからのサブスク収入を得る,監督・俳優にオファーを出す,テレビ番組や映画のライセンスを購入する,作品を提供・配信する,2
39b84975-005c-4642-9345-db52cd93e936.jpg,Who is responsible for ticket sales according to the program?,Marci Smith,Karen Thomas,Mark Green,Laura Green,4
c7bb8d31-95e2-42e0-ab7b-8a7130417372.jpg,"In the given architecture, which component is responsible for cataloging data from Amazon S3, Amazon RDS, and Amazon Redshift?",AWS Glue Data Catalog,Snowflake,Amazon SageMaker Studio Notebook,Amazon SageMaker LLM,1
7c8fb7a3-4449-4bc2-b143-a7f08c827b6a.jpg,SHOWROOMサービスでファンがアイドルを応援するために必要なものは何ですか？,メールでのやり取り,直接会うこと,コメントとギフト,電話での会話,3
ffc96831-fb71-44ba-8741-d08ccf8efd90.jpg,この図において、非常口はどこにありますか？,ウェイティングルームの隣,エレベーターの隣,トイレの隣,カウンターの隣,2
e9bdf2c5-facc-42ae-adc6-f3e392aa4a74.jpg,What is the duration of the 'Preeminent Television Programming' scheduled at 9:59 PM?,1 hour and 30 minutes,2 hours,1 hour,30 minutes,3
e8ef0c40-e052-471b-95b3-d9c5a3232256.jpg,What is the primary focus of the flyer in the image?,Promoting a new product,Recruiting new employees,Announcing a company event,Advertising a business growth service,4
3434179e-8cd2-4429-bb85-d87e26421060.jpg,Which variable shows the highest peak value in the graph?,X2,X5,X4,X3,3
d0b283cf-a0a7-4300-828e-4c1caa4fc56f.jpg,What does the image indicate about the status of the original content?,The image is corrupted.,The image is password protected.,The image is currently available.,The image was probably deleted.,4
951bc848-132a-4560-93fe-21b817b457a8.jpg,What happens if the terms are not standard and the changes are not acceptable?,The agent cancels the order,The attorney marks it okay and returns to the agent,The order is shipped,The agent approves the order,1
ede6fc18-61c9-4b68-b204-9f9b628fd24b.jpg,この画像に写っている雑誌のタイトルは何ですか？,EXPLORER,SWIMMER,TRAVELER,DIVER,4
613244d8-3193-471d-b23d-d097920741ae.jpg,このガントチャートで、'機能仕様書作成'のタスクはどの曜日に完了していますか？,水曜日,火曜日,月曜日,木曜日,1
831fc995-2dfa-48b7-bfb1-b32411cf2b90.jpg,ビジネスモデルキャンバスにおいて、顧客との関係性を構築、維持、展開するための仕組みを表す要素はどれですか？,チャネル (Channels),主要資源 (Key Resources),顧客関係 (Customer Relationships),提案価値 (Value Propositions),3
6e4049c9-ee09-4d32-962a-1bdd85c6b90e.jpg,What is the starting price for the travel package mentioned in the flyer?,$1000,$2500,$1500,$2000,3
376426f2-ffdd-4824-9deb-81d281d027cf.jpg,この組織図において、各事業部に共通して存在する部門はどれですか？,製造,販売,開発,すべて,4
029deef8-9aa8-4568-8d0d-7f89330f5127.jpg,Which state is directly north of Texas according to the map?,Arkansas,Oklahoma,Kansas,New Mexico,2
d90cff52-247a-4297-bf06-2580ed213e42.jpg,あいかわデイサービスセンターの6月号で紹介されている活動の一つは何ですか？,ダンスレッスン,ぬり絵,ガーデニング,クッキング教室,2
b75093aa-86d0-48e9-8eea-76fb8c840bac.jpg,What is the first step in creating a flyer according to the image?,Print and Distribute,Add Your Message,Choose Your Template According to Your Needs,Add Pictures or Images,3
bdae4fda-7a50-43dd-a026-c083e26599a5.jpg,GitHubでソースコードを保存する場所はどこですか？,リポジトリ,GitHub Inc.,開発者,プルリクエスト,1
03c453b0-5aa1-4b81-9b27-ea685eeee52e.jpg,このチラシ作成講座は何回開催されますか？,4回,1回,3回,2回,3
bc7be5e8-dc9d-45d8-839d-3fdb738cfac9.jpg,がんの早期発見が重要である理由は何ですか？,検査を受ける必要がなくなるから,がんの診断が不可能になるから,がんの進行が遅くなるから,自覚症状が現れる前に治療できるから,4
712a08a0-8cac-4637-aef5-10cee73db2f3.jpg,この画像に示されているワークフローの違いは何ですか？,担当者が承認を行う,条件分岐がある,本部長が承認を行う,部長が承認を行う,2
50b2225c-4dcc-4a06-8c23-5204db260e44.jpg,2017年に最も大きな寄与をした要素は何ですか？,民間投資,純輸出,民間消費,政府,1
5a742d8b-8fc0-4c5c-92ff-1c3354bbc3df.jpg,Who is the manager directly under Thomas Edison and has two managers reporting to them?,Blaise Pascal,Isaac Newton,Marie Curie,James Watt,3
08bd8e07-201a-4088-9468-4c8c7083e4b8.jpg,What percentage of the population is represented by the red figures in the infographic?,10%,40%,60%,30%,2
bfa4e0f8-35e1-4baf-8ef3-f25a9f6d34d0.jpg,第11日の試合で勝利したチームはどれですか？,能代松陽（秋田）,二松学舎大付（東京）,大阪桐蔭（大阪）,札幌大谷（南北海道）,3
d473120b-6e88-4980-8120-b3080d933b74.jpg,Which group does the team from North Macedonia belong to?,Group D,Group A,Group C,Group B,3
bc750a72-1f54-4d17-aaed-d5283931ca96.jpg,地図上で、丸亀城の南に位置する施設はどれですか？,丸亀市立南中学校,丸亀市役所,丸亀市立西中学校,丸亀市立城西中学校,3
445837de-6ff0-4c50-8ef3-8734a1909319.jpg,この図の中で、中央の青いボックスに書かれているテキストは何ですか？,Example Text,Example Text Example Text Example Text Example Text,Message,Input title here!,2
7adbcff2-184f-49f4-a611-7d455125c378.jpg,Which film genre experienced a significant peak in popularity during the 1940s?,Horror,Musicals,War,Western,3
d49a0ac1-be6d-464f-bfdd-766f18415ab5.jpg,この地図に示されている国道の最高地点の標高はどれですか？,2172m,1500m,2000m,2500m,1
90926c6c-c0b8-477f-97b0-5cb9be8fa868.jpg,What is the primary purpose of Bollinger Bands in technical analysis?,To predict future price movements,To calculate moving averages,To determine the trend direction,To identify overbought and oversold conditions,4
7e9b685d-5005-4845-b5e7-60e5dd962be8.jpg,Which option has the highest minimum deposit amount requirement?,Rafiki,Co-Op,Equity,Faulu,2
c61dead8-bd16-4bd1-a2dc-62ff4d9c6d6e.jpg,What is the final result in Analysis Step 5?,Final Result,Example Text,Step AAAA,Key words A,1
0b2ce9e7-c496-450f-b9b5-52ea2fcef68a.jpg,What is the name of the host for the Friday party?,Sophia,Jessica,Rebeka,Emily,3
f4bf8aef-838d-4683-b31d-35845c1ffe80.jpg,図面において、寸法基準面が統一されていることを示す番号はどれですか？,⑤,①,⑦,②,1
0c78f836-4114-4463-bde3-c8803f881974.jpg,このピラミッドの最上位に位置するのは誰ですか？,師団長,戦闘兵,王,兵隊長,3
83d6e7b1-1a62-40a4-aab5-ef1fe31e4415.jpg,この雑誌の特集テーマは何ですか？,海の冒険,大人のデニムスタイル,健康的なライフスタイル,最新のスーパーカー,2
6a524db0-ec7c-498f-9b44-58f279bb81ca.jpg,Which group is depicted in the image for the football event in Brazil?,Group C,Group A,Group D,Group B,1
95b3a93d-23c3-40ca-96c0-acaab10bd126.jpg,8月の予定で、誕生会は何日に行われますか？,4日,25日,6日,18日,3
fddaeefa-de0c-4537-9ae6-128603198776.jpg,この施設で提供されているサービス内容に含まれていないものはどれですか？,日常生活活動の機能訓練・評価,食事提供,送迎,健康チェック,2
26c47dc7-9c89-4e77-b9d7-3347b9e950c9.jpg,What is the discount percentage offered on company orders in the image?,40%,30%,60%,50%,4
630308db-95a5-4e8e-a515-ad1b92a54e3b.jpg,2006年から2013年の間で、売上高が最も高かった年はどれですか？,2009年,2011年,2013年,2007年,3
dfd071a7-0e8f-40e0-87e7-e6add81c9995.jpg,この画像の中で、ヘアサロンのオープン日はいつですか？,7月20日,8月15日,9月10日,6月8日,4
08834112-d2f8-4f4f-b8ce-fc932bf36d9f.jpg,"In the sales process flowchart, what is the next step if the lead is not qualified?",Address Objections,Research Buyer's Needs,End Transaction,Set an Appointment,3
e195a58c-cbcf-4010-bcb6-5ef2b80c9e3d.jpg,What is the flavor of the sparkling water shown in the image?,Wild Raspberry,Lemon Lime,Cranberry,Peach Mango,1
71778937-e45e-4e87-920d-49945001bd47.jpg,What does the scatter plot with marginal density plots primarily illustrate?,The distribution of a single variable across two groups,The correlation between x and y variables for two groups,The average values of x and y for two groups,The time series trend of x and y variables,2
c074fdc7-38b0-4063-a061-733176a98de4.jpg,この求人広告で募集している職種は何ですか？,営業スタッフ,販売スタッフ,製造スタッフ,事務スタッフ,4
41861723-8f57-4f9b-a78e-72d4e36ed5d0.jpg,6月の売上はどのくらいですか？,"85,631","91,569","50,693","76,951",2
07baec67-c655-4566-8138-ced8507e0a36.jpg,画像の上部にある路線の名前は何ですか？,会津鉄道会津線,スカイツリーライン,東武アーバンパークライン,JR日光線,3
32b27837-df60-48b7-878b-b72963a7f9e9.jpg,"In the flowchart, which sequence of numbers leads directly to the final green oval labeled '1'?",1 -> 2 -> 3 -> 1,1 -> 2 -> 1,1 -> 3 -> 1,1 -> 2 -> 3,1
a4ac6786-ce1e-4f9f-a74e-69a8979a5fc7.jpg,グラフに表示されているデータの中で、最も多く表示されているパターンはどれですか？,パターンCクリック数,パターンAクリック数,パターンB表示回数,パターンA表示回数,4
6d904d0c-0a7b-4dad-a57b-264126727615.jpg,What is the percentage proficiency in Twig Templating as shown in the image?,70%,60%,90%,80%,4
a07fd03b-3ab6-4074-a0bd-46e73e1090fa.jpg,この広告で紹介されているシステムの名前は何ですか？,The Staff-V,Business Application,セミナー開催,人材ビジネス,1
32d70ce6-151a-4e3c-9416-14ff8dd8418b.jpg,このグラフにおける2001年から2008年までのCAGR（年平均成長率）はどのくらいですか？,+2.5%,+3.0%,+4.3%,+5.0%,3
f559f61f-5303-4a27-9ef0-fe7dc0fe33a0.jpg,What is the direct effect of increased rainfall on arable land according to the causal loop diagram?,No effect on arable land,Decreases arable land,Increases civil unrest,Increases arable land,4
2cb93492-9ca4-4c04-aba9-e31e9e316b98.jpg,What is the entrance fee for the Art Showcase event?,$10,Free,$5,$15,3
b6330f81-1904-48ed-9cec-6d0c2d3fa5e5.jpg,次のイベントの実施内容として、屋外イベントを選択した場合の純ベネフィットが最大になるのはどのケースですか？,効果が小さい（予想売上50万円）,効果が大きい（予想売上100万円）,効果が大きい（予想売上200万円）,効果が小さい（予想売上0円）,3
8fa3dced-0327-43fd-8274-f0f17ea48b38.jpg,1階のLDK-1の広さはどれくらいですか？,24.0帖,18.0帖,20.0帖,22.0帖,4
ed6661f1-15bd-4bc2-98f7-3db85d7fa717.jpg,"In the UML activity diagram for deposit slip processing, what happens if a parent is unavailable during the authorizing stage?",The deposit is approved automatically.,The deposit slip is recreated.,The deposit is marked as unapproved.,The process is terminated.,3
d0bd029d-09b5-4fa6-9025-6a1c740b67f8.jpg,What type of event is being advertised in the image?,Concert,Pool Party,Food Festival,Art Exhibition,2
f32b15cb-3bf3-4bf5-a9df-df61cf99d979.jpg,この座席表で、最も高額な席の色は何色ですか？,青,黄色,緑,紫,1
2dbdb4e5-b52b-476f-bd54-9b3e65450147.jpg,Which of the following is NOT a primary activity in the value chain analysis shown in the image?,Research & Development,Supply Chain Management,Marketing & Sales,Operations,1
ffe3a2cd-af13-4bc3-892b-435d3a54d5f7.jpg,このデイサービスの無料体験を受けるために、まず何をすることが推奨されていますか？,オンラインで申し込む,友人に紹介してもらう,直接訪問する,電話で予約する,4
aad90396-738f-43f3-8268-ba0afabb0460.jpg,この系図において、明玄の下にある名前はどれですか？,明峰,智辯和歌山,札幌大谷,熊本,1
461d24ec-1371-439e-b2fd-205adafff8ef.jpg,レーダーチャートにおいて、B社がA社よりも優れている項目はどれですか？,デザイン,アクセシビリティ,オリジナリティ,ブランド,4
9c35c533-9c9a-43be-9647-676a7150d600.jpg,この散布図において、理科の成績が80点のとき、数学の成績はおおよそ何点ですか？,70点,60点,90点,80点,3
807d1e40-5c01-4a59-89f7-4a0e01ed3860.jpg,Emanageシステムで、CTを使って行う計測は何ですか？,電力計測,ガス流量計測,温度計測,デマンド警報,1
90de18ff-3790-4471-9b0a-b3c0ba85ec55.jpg,What is the humorous element depicted in the image?,A mummy ironing clothes,A robot vacuuming the floor,A dog cooking in the kitchen,A man wearing a superhero costume,1
d35f4531-5bf4-461f-a187-0213ec7c9d6e.jpg,What type of chart is depicted in the image?,Bar Chart,Pie Chart,Radar Chart,Line Chart,3
84e162f8-eaba-4a15-b277-c6646c66d532.jpg,"In the UML activity diagram shown, which action follows 'Deactivate'?",Time-out Message Handling,Trigger Alarm,Deactivate Message Handling,Activate Message Handling,3
aca33eff-4943-4be4-b042-c17248cc0a50.jpg,Which category contributes the least to the company's revenue?,Events,Data/Market Information Sales,Paid Subscriptions,E-media,1
e22e90c5-3417-4748-a9f0-48a048fd8fe9.jpg,What is the main theme of the newsletter sections?,"Technology, Innovation, Strategy","Community, Focus, Goals","Finance, Investment, Growth","Health, Wellness, Fitness",2
b1c91599-feff-4350-8d9b-4cb28c39b6ce.jpg,この画像に書かれている英語のフレーズは何ですか？,HYPER IMPACT DESIGN,SUPER DESIGN IMPACT,HYPER DESIGN IMPACT,SUPER IMPACT DESIGN,1
bc74c9bd-c191-481f-831f-3e43a840db59.jpg,月曜日の10時から放送される番組は何ですか？,お話の部屋,名曲の部屋,スクランブルミュージック,みんなの部屋,1
0c628ec9-671d-49f7-8905-f0136a690019.jpg,What is the score corresponding to the 70th percentile using the PERCENTILE method?,72.0,66.0,78.0,83.5,4
df5eb019-7ed4-4759-81ab-f5b2c765c419.jpg,MGEDはどのファイル形式と直接やり取りを行いますか？,その他のCADパッケージ,.plファイル,.gファイル,.pix/.bwファイル,3
9482dc6c-0f99-4922-ae5f-3581ff14bb9a.jpg,4階の避難経路図において、国際会議場の公聴席から最も近い避難方向はどちらですか？,右,下,左,上,3
3615297a-b4c7-4f68-b4f7-788091bffaa4.jpg,Which table contains a foreign key that references both the 'App' and 'Database Server' tables?,AppDatabase,VirtualMachine,UserApp,Load Balancer,1
041e9e47-4de0-4756-be6f-828523fb099a.jpg,このガントチャートで、進行中のタスクの進捗率が最も高いのはどれですか？,進行中 90% (青色のタスク),進行中 90% (緑色のタスク),進行中 70% (緑色のタスク),新規 0% (赤色のタスク),1
9da9be3e-22a2-43e0-81bd-40fd407ac4df.jpg,このポスターに描かれている映画の監督は誰ですか？,黒澤明,小津安二郎,溝口健二,市川崑,1
ddef4589-f432-4236-a95d-23c083efdd91.jpg,On which day was the increase in the number of hot dogs sold the greatest compared to the previous day?,Thursday,Friday,Monday,Tuesday,1
80c44362-8721-4e8b-b041-89b6160f3e82.jpg,体調を整えるために、朝に食べると良いとされているものは何ですか？,ポテトチップス,バナナやヨーグルト,アイスクリーム,チョコレート,2
75481c02-6daf-4118-b082-fde27cf10679.jpg,このグラフはどの期間のデータを示していますか？,2021年1月から2023年6月,2022年1月から2024年6月,2020年1月から2022年6月,2019年1月から2021年6月,3
d8826d36-3e88-456a-b845-04c84fdeafd6.jpg,この図面において、ドアの高さはどれですか？,2200 mm,2100 mm,2300 mm,2000 mm,2
866961ab-a573-4962-875b-56132369e286.jpg,Which component is responsible for providing the menu cards and restaurant list to the customer?,Payment,Customer,Restaurant,System Order,4
e55021ac-44b3-4776-8385-98ec88507503.jpg,このグラフで、60℃のAQ生成水の生菌数が0になるまでにかかる時間はどれくらいですか？,3分,30秒,開始時,60秒,2
eb1fa22d-b76d-43f1-9985-72ee4c991aa3.jpg,2012年から2022年の間で、韓国のランキングが最も低かった年はどれですか？,2018年,2014年,2020年,2016年,2
829ba7d3-fe86-46e2-bcec-427003d24ddb.jpg,Which support activity in the value chain is primarily responsible for improving product and process efficiency?,Procurement,Human Resource Management,Firm Infrastructure,Technology Development,4
56041143-a121-4b94-9d0d-9ca039c6668c.jpg,Which region has the highest total cost for the customer 'Joseph Aaron'?,West,Central,East,North,3
50b4865b-9b61-4bf9-8b8c-30d2846728d9.jpg,What is the main theme of the newspaper mockup shown in the image?,Business Strategies,Technology Innovations,Photorealistic Mockup,Art & Design,3
8795ddb3-154b-4961-9b83-bd7b24d7b5b7.jpg,In which month is the 'Business Headline - Vector' section featured?,April,February,October,July,1
ae427b6f-3fcf-4446-8ca5-63379b6c08dd.jpg,2019年の休廃業・解散件数はどれですか？,"43,348","41,162","46,724","40,909",1
75ed5a5e-177c-4fd2-9766-1a3c2bad064f.jpg,Which element is shown to have the highest popularity relative to hydrogen in the image?,Helium (He),Nitrogen (N),Carbon (C),Oxygen (O),3
882f1208-e9f1-4c5b-8ec4-1fba820edff7.jpg,"Based on the decision tree, which sub-contractor has a higher probability of completing the project on time?",Sub-Contractor 2,Both have the same probability,Neither has a probability of on-time completion,Sub-Contractor 1,1
8b6bae8c-fda3-4092-bde2-5416ad353e83.jpg,Which city is directly connected to both Tokyo and San Francisco according to the air route map?,New York,Vancouver,Los Angeles,Chicago,2
960aaf2b-0702-4592-9626-7ca412ca9c95.jpg,第99回全国高校サッカー選手権大会で、山梨学院が決勝で対戦したチームはどこですか？,帝京長岡,昌平,青森山田,矢板中央,3
169ea9ac-33e7-4c5e-b2bc-625029d9d31e.jpg,What is the main topic of the image?,How to make a pamphlet,How to write a book,How to create a website,How to design a logo,1
75739225-fc3f-4f13-8aa4-dc0cb0d2dd60.jpg,クラス全体の人数は何人ですか？,41人,2人,17人,3人,1
a4caa841-07c8-4380-848c-765507a156de.jpg,自社の事業Bにおける製造段階の費用はいくらですか？,▲80,▲200,▲250,▲150,4
3b454d51-30d9-492b-a81f-a0b965ab6685.jpg,Which state capital is located closest to the geographic center of the contiguous United States?,"Lincoln, Nebraska","Topeka, Kansas","Des Moines, Iowa","Oklahoma City, Oklahoma",2
b0ca6558-23bf-45bb-945f-b47ca630d52e.jpg,What component of the MRI machine is responsible for creating the magnetic field?,Gradient Coils,Sample Table,Radio Frequency Coils,Magnet,4
44a32b70-88d8-4208-984e-3032e8a71b5d.jpg,On which level can you find the 'Living Roof'?,Level 1,Level 3,Ground Level,Level 2,2
b401bd28-94db-421d-90a6-c41dfbfc1ef8.jpg,この図において、課税事業者が免税事業者から仕入れた花の消費税額はどれですか？,¥40,¥60,¥100,¥50,4
df324dbe-5173-4f6a-a7b4-9bfc55a03729.jpg,Which frequency band is used for public safety communications between 450-520 MHz?,VHF,800,700,UHF,4
0fb47482-5bc9-4866-8ba0-e85c315a50e0.jpg,製造業における外観検査AIの導入・活用のボトルネックを解消するために重要な要素は何ですか？,市場調査,ハードウェアのアップグレード,人材の再教育,データセントリックAI,4
78dfa313-164e-40cd-9899-20791f9fb132.jpg,フランスは決勝でどのチームに勝利しましたか？,ブラジル,クロアチア,イングランド,ベルギー,2
7a6f5426-e18f-4518-913e-bae2a351be58.jpg,"If a student is seated in position 10, which position is directly opposite to them?",Position 5,Position 1,Position 18,Position 15,4
796a8ce2-ce19-4e40-8f06-bab914039863.jpg,この雑誌の特集テーマは何ですか？,料理,スポーツ,旅行,ショッピング,4
181e622a-f3f3-4a9d-8ada-8a8f9452b8f0.jpg,宇土道路の延長距離はどれくらいですか？,6.7km,4.0km,8.0km,3.8km,1
30fe9c1d-ace9-4106-a8d0-0a36fb11ceaa.jpg,What is the primary purpose of the 'Concurrent Activities' in the Evolutionary Process Model?,"To perform specification, development, and validation simultaneously",To conduct user acceptance testing,To create a detailed project plan,To finalize the software design,1
ef89b41d-5716-47b0-83a6-c9e263e2f929.jpg,What is the primary purpose of the image shown?,To provide a guide on making donuts,To showcase different donut flavors,To present a donut chart for PowerPoint,To illustrate a real donut recipe,3
01ed134e-6fde-4228-92a3-ac68b4b5f82c.jpg,"Which element is at the center of the diagram, connecting all other elements?",Planning,Design,Leadership and Data,Training,3
08b9e23d-3bd9-464b-bda3-5f5fb1b2ac96.jpg,このフロアマップで、最大収容人数が最も多い部屋はどれですか？,調理室1,音楽練習室1,ホール,多目的ルーム1,3
24311714-5c6f-45a8-bac9-0b652e68bc00.jpg,What is the main theme of the festival advertised in the image?,Classical Music,Jazz Music,Afro Fusion Music,Electronic Music,3
14e8366e-fd12-4a0e-b11b-aaf476edf7b4.jpg,画像の中で、電話番号として表示されているのはどれですか？,0120-XXXX-XXXX,0942-44-XXXX,0726-556-383,0932-24-7910,3
3d3bd719-54c2-4439-8c94-6400a348e4f8.jpg,Which region experienced the highest increase in product sales from 2019 to 2020?,Region C,Region B,Region D,Region A,2
010959fc-d606-46d2-9443-c90757390da2.jpg,このランキングで第3位にランクインしている料理は何ですか？,だし香る半熟味付玉子,だし香る炊き込みご飯弁当,だし香るぷちぷちたら子・明太子,だし香るかつ重,2
035d1ec8-d1ef-49c5-9888-a91751e7422f.jpg,食品製造業の事業モデルにおいて、製造業のプロセスに含まれないものはどれですか？,消費者,営業,調達計画,製造,1
05f5cedf-5f95-4a06-8791-80a7fb2af33d.jpg,このシステムで使用されているデータベースは何ですか？,SQL Server,PostgreSQL,Oracle,MySQL,3
e8740e4b-9743-47cd-914b-f55e0af1f071.jpg,バリューチェーンと他のフレームワークの連携に含まれないものはどれですか？,VRIO分析,競争戦略の3類型,ファイブフォース分析,バリューチェーン分析の展開・応用,4
e63059fd-14ee-4c32-848e-980a6abf0bb3.jpg,この組織図において、営業本部の下にある部門はどれですか？,中部営業部,購買本部,技術本部,生産本部,1
b6c21fce-5f9f-4c57-bc12-db2c91e4d789.jpg,What is the primary trend observed in the scatter plot regarding the relationship between Sales and Profit Ratio?,Higher sales generally lead to higher profit ratios.,Most products have low sales and negative profit ratios.,Products with high sales always have positive profit ratios.,There is a strong positive correlation between sales and profit ratio.,2
6078fbcf-656f-4f24-98bc-58cdfd87924a.jpg,"In the Venn diagram, which section represents the intersection of sets A, B, and D only?",BCD,ABCD,ABC,ABD,4
a012a4bf-3cba-4a65-be41-588bcb948be0.jpg,1階のLDKの広さはどれくらいですか？,5.2帖,4.5帖,6.1帖,17.0帖,4
b12e66ee-1af2-40e7-9199-39143c7f1890.jpg,Which component directly interacts with both the Products Database and the Carts Database?,Sales Database,Orders Database,User Login Interface,Transaction Database,3
f1557a7d-872a-41aa-8f6f-18762573497d.jpg,"What is the equation of the line that passes through the points A(1,1), B(2,2), C(3,3), D(4,4), and E(5,5)?",y = x,y = x + 1,y = 2x,y = 2x + 1,1
c68da44b-c5ea-46c7-a57b-8cad3d17addc.jpg,What is the primary theme of the flyer?,Modern Art Exhibition,Cooking Workshop,Business Report Design,Music Festival,3
0a5e0db4-e811-442e-b58e-73f935ec18c9.jpg,1時間以内にテレビを見る生徒の割合は、5時間見る生徒の何倍ですか？,3倍,5倍,2倍,4倍,4
a0dc2a7f-fc9b-4253-b163-ead015963827.jpg,このラジオ番組表で、月曜日の午前9時に放送されている番組は何ですか？,ニュース・パレード,遊覧・実児のおはようさん！,サテスタ サタデースペシャル,ワイド90,4
1c219a75-a041-4e9d-9360-430bb2550f61.jpg,ガントチャートにおいて、'システム管理設計書作成'の担当者は誰ですか？,兼子 みき,白井 壮士,今村 誠雄,吉田 美月,1
2306a678-43d3-43c8-9909-4f3e868346f2.jpg,このシステム図において、CPU・FPGAボードと直接接続されていないコンポーネントはどれですか？,Webカメラ,USS(親),バッテリー,ドータボード,3
5eb98a13-3a73-4d23-8cd4-dd721b934b6e.jpg,画像に示されているグラフの中で、Cの値が最も小さい場合のグラフはどれですか？,② C = 78 kg/m³,① C = 98 kg/m³,③ C = 54 kg/m³,④ C = 44 kg/m³,4
f64694d3-802d-4622-ac98-f90a6b809b72.jpg,Which category has the highest value in the horizontal bar graph?,D,A,C,B,2
96111b33-0b6f-4522-89d4-ccd0aa763a1f.jpg,このチラシで、9月30日と10月1日に特別価格で販売される商品は何ですか？,タカノ超小粒カップ3,北海道産たまねぎ,アメリカ産豚肩ロース,水・木均一セール商品,4
7a9d2850-5040-4c40-9bcf-b5f77a282243.jpg,前橋駅から伊勢崎駅までの路線名は何ですか？,上信電鉄,上越線,伊勢崎線,両毛線,3
9bf5ffcb-5ee0-498b-8627-9d185beb51ee.jpg,What musical elements are indicated in the image for band use?,Only guitar and bass chord indications,Orchestral arrangements,Vocal harmonies and lyrics,"Guitar, bass, drums, and keyboard chord indications",4
d3621b84-f025-44b1-a832-3dc3d9030ea9.jpg,Which of the following is a benefit of e-learning over classroom learning according to the image?,"Overhead costs are reduced (no travel time, accommodations etc.).",Trainer can focus more on particular topics depending on group needs.,May cost a lot for accommodation and getting to the training venue.,Learners have to be available at the same time and place.,1
df61a76f-2007-4c93-ae24-f8e8cc08bc0c.jpg,What is the issue number and date of the newsletter?,Issue No. 40 | MAY - 2022,Issue No. 39 | APR - 2022,Issue No. 38 | MAR - 2022,Issue No. 41 | JUN - 2022,2
07d7724c-195f-4003-8a5e-5fb5823f86d4.jpg,この画像の左側の円グラフで、最も割合が大きい店舗はどれですか？,西日本,京都支店,大阪支店,本店,1
0b2d3639-3526-41c2-b244-3fe492753c85.jpg,What is the duration of the 'Marketing Plan' task?,282 days,376 days,98 days,179 days,2
9f0b6160-0f5e-4cee-9330-28414a569e07.jpg,"In the flowchart, which section is directly evaluated after 'Design Fire Scenarios Section 5.5'?",Performance Criteria Section 5.2,Change Design,Goals Section 4.1,Evaluation of Proposed Designs Section 5.6,4
f514e060-9235-4867-8fe5-ea9549d404c1.jpg,Which condition has the largest difference in hospital admission rates between the United States and the Comparable Country Average?,Congestive heart failure,Asthma,Chronic obstructive pulmonary disease (COPD),Diabetes,1
46a53797-d283-4f74-9b6e-cb65ad59955a.jpg,この画像に記載されている薬の中で、1日3回服用する必要があるのはどれですか？,ガスター10,モーラステープ,タケプロン15,クラリス200,4
3ff1a95e-9bd7-40b6-ad22-3c135bc20ce3.jpg,グラフにおいて、2010年から2020年の間で最も急激に増加したデータセットはどれですか？,データA,データE,データB,データD,4
02d67a6a-c049-4d77-b031-a1b8a5fb5924.jpg,Which team ranks 10th in the Premier League Popularity Rankings according to the image?,Chelsea,Southampton,Everton,West Ham United,2
9c96e32f-5044-4e02-9363-8253476b020d.jpg,この図において、社会的限界費用（SMC）と私的限界費用（PMC）の関係はどのように示されていますか？,SMC > PMC,SMC と PMC は無関係,SMC < PMC,SMC = PMC,1
1ac16830-6334-4d77-9c10-ea3fa966c453.jpg,What is the main theme of the brochure design?,E-commerce solutions,Healthcare services,Travel and tourism,Educational programs,1
8ff82603-c34e-4a4f-b1f3-2dd5155890ac.jpg,第1シードのチームはどれですか？,細田チーム,杉山チーム,近山チーム,大木チーム,4
871711ff-5ec1-4881-8d5e-dbb1f454f3a4.jpg,What is the next step if you do not like the arrangement of shapes?,Re-arrange shapes,"Save, export or publish diagram",Start grapholite,Connect shapes,1
334cfe95-669c-4f63-96a8-1b768fbb62c2.jpg,What is the primary service offered by The Media Cat as mentioned in the image?,Newspaper Advertising,Event Management,Graphic Design,Digital Marketing,1
1cf927c5-6761-4175-a830-56a6214c3944.jpg,What is the purpose of the 'temp' variable in the flowchart?,To temporarily hold the value of sterm for swapping,To display the values of r1 and r2,To store the sum of fterm and sterm,To check if sterm is less than or equal to 1000,1
853c4c41-7e1c-4c2c-9c75-5dc33a2356a7.jpg,この法人事業概況説明書において、PC利用状況の欄で選択できるOSはどれですか？,"Windows, Mac, Android","Mac, Linux, Android","Windows, Mac, Linux","Windows, Linux, iOS",3
6616ab74-1615-47b3-9a53-1a27592f87e1.jpg,Which zone is most at risk for storm surge according to the map?,Zone D,Zone A,Zone C,Zone B,2
c57d89be-1790-4fea-8ba1-424b5d92e37b.jpg,このイベントはどの出版社のオンラインブックストアで開催されますか？,サクラ出版,タケダ出版,フジ出版,ポーラ出版,4
990539dc-9416-4508-8370-0e0bcd2c25d7.jpg,広報委員会の委員長は誰ですか？,藤井崇史,花本泰器,櫻井祐策,中山良,2
fc5dd649-5b2b-4e1d-90ba-7fad7c0e4151.jpg,この広告で強調されているサービスは何ですか？,解体・収集・運搬・廃棄処理,引っ越しサービス,住宅のリフォーム,庭の手入れ,1
07ac016c-383f-4a6f-9e31-e0629ab31962.jpg,"In the E-Voting System Class Diagram, which class is responsible for saving the voting results?",Admin,Voter,Voting Server (Result Process),Candidate,3
f470918c-8f8d-4242-8b4a-43bcdd06a4d5.jpg,この雑誌の特集は何ですか？,冬の旅行ガイド,日本の伝統的な建築,忘れられない極上温泉,温泉の歴史,3
0b167a7b-d722-40b0-862e-a3b6cbafa9fa.jpg,Which class is responsible for managing user comments in the diagram?,KoneksiDatabase,ManageProfil,ManagePosting,ManageComment,4
2566cbbe-fd17-41a2-80d0-0a831a0cd46d.jpg,2017年12月度の売上で、スマホ関連の売上は全体の何パーセントを占めていますか？,49%,23%,6%,11%,1
ea3b06f8-a46b-4f9c-89e6-1a7ce1f06dfb.jpg,Which line in the graph has the most consistent y-values across the x-axis?,Line y3,All lines have the same consistency,Line y1,Line y2,1
067f0b28-475e-4d84-8378-ca4a60fba59d.jpg,Which pyramid is associated with Pharaoh Sneferu and has a change in angle?,Step Pyramid,North Pyramid,Bent Pyramid,Khufu (Cheops),3
dee7dcdc-efd1-4c38-b436-a767531aec3c.jpg,ユクサキャンプバザールはどこで開催されますか？,ユクサおおすみ海の学校,鹿屋市文化会館,鹿屋市図書館,鹿屋市役所,1
a83926da-f581-4aa1-af56-e2a04362c52c.jpg,Which cluster has the highest value for 'proline'?,All clusters have the same value,Cluster 2,Cluster 1,Cluster 0,2
a2303471-e097-4ab0-be1e-5aa7caad99e3.jpg,5月の博多店の売上は、1月の品川店の売上の何倍ですか？,3倍,2.5倍,2倍,1.5倍,2
0999f4f1-7c07-40fa-8eaf-b0dba5422312.jpg,順位が昨年と比べて最も上昇した企業はどれですか？,三井化学,国際協力機構(JICA),バンダイナムコエンターテインメント,ロッテ,4
9f4196b0-027a-4a50-b7df-a3b81c10afbe.jpg,この図において、市場成長率が高く、市場独占率も高い商品はどれですか？,商品D,商品A,商品C,商品B,2
60d06a12-208b-47a3-888d-8e682104a1b0.jpg,What product is being advertised in the image?,GW Extra Fine Granulated Sugar,Breakfast Cereal,Energy Drink,Baseball Equipment,1
1e57a299-e9ec-4694-8c7d-5547a3f9ec7b.jpg,この広告のメインメッセージは何ですか？,世界を知ることから変えていく,環境保護の重要性,新しい製品の発売,技術革新の歴史,1
577db255-fa06-4dd0-9fb5-43aa06011816.jpg,この広告で紹介されている会社の名前は何ですか？,マエダストア,ユニクロ,アテックインテリア,フレッシュフードやすだ,3
e5aeddee-750f-4090-9dff-b939464b0d25.jpg,Which activity in the Value Chain Analysis is directly associated with the creation of products or services?,Operations,Service,Inbound logistics,Marketing and sales,1
2e45cd23-c526-42ef-89cd-82fa60766cca.jpg,Which beach access site is located closest to Lynn Hall Memorial Park?,Estero Island Beach Access #36,Estero Island Beach Access #37,Estero Island Beach Access #39,Crescent Beach Family Park,4
071d16a9-1666-409c-9414-9dd7c5a0a047.jpg,60歳代の女性の加入者数は何人ですか？,1049人,1361人,1317人,1598人,4
67f55f66-5fb3-4a4f-a693-28e8cd366267.jpg,水曜日の18時から放送されている番組は何ですか？,R&B CLASSICS,K-POP,J-ROCK,ENJOY! WEDNESDAY,3
a1e1dc33-7bf7-4500-a2bd-75cdba3bc9ae.jpg,1階の可動椅子席の収容人数は何名ですか？,140名,310名,"1,198名",888名,4
8fd59bd4-a95a-4df2-a5a4-9750cdbba68d.jpg,この新聞記事によると、日鉄鹿島の試合結果はどうでしたか？,試合中止,敗北,勝利,引き分け,2
dcae3ed6-d9f5-413b-a9cd-418c364a8ad9.jpg,この画像で示されている避難情報のレベルは何段階ありますか？,4段階,6段階,5段階,3段階,3
3a8e17ce-990b-4f18-82ca-7570a4affed6.jpg,What should be done if the project is over budget and there is overtime on the timesheet?,Skip the next user and end workflow,Send this to the supervisor,Send an email and end the workflow,Release to the next user and end workflow,2
d8aad3a8-f846-4dd6-9c0c-572889a0697d.jpg,この組織図において、営業部の下にある課はどれですか？,広報課,第一営業課,研究開発課,企画課,2
5cd44d68-eba6-4c6a-87fa-60c27bd19371.jpg,Which team had the highest score in Round 1?,Team 4,Team 1,Team 2,Team 3,1
75c50e91-40ef-4eff-8f3d-e7884e4cb649.jpg,In which year did the exports reach the highest value according to the graph?,2005-06,2001-02,2004-05,2002-03,3
fb1743e8-59a9-428b-adbe-26b36cb2851e.jpg,Which of the following is a latent cause of misalignment in mechanical engineering?,Inadequate training,Imbalance,Erosion,Fatigue,1
5547b148-3e92-439a-936e-066c62ca309f.jpg,この公演は何周年記念として開催されていますか？,35周年,50周年,30周年,40周年,1
f1e1d0d6-d0a2-4698-b2e9-534692441314.jpg,What action is being performed in the image?,Applying a 3-D rotation,Selecting data for the chart,Assigning a macro,Changing the chart type,2
67133727-dfb0-466f-9b84-7318c63d1489.jpg,Which category has the highest quantity in the pie charts?,Strawberries,Sprouts,Cherries,Carrots,2
4b114c33-9b09-4663-b1ba-63357efab1a1.jpg,この設計図の1階平面図において、黄色でハイライトされている部屋の数はいくつですか？,4部屋,5部屋,3部屋,6部屋,1
2c214c51-bff5-47d7-970e-9f1ea9d9a192.jpg,Which level features 'The Cove' and 'Event Square'?,Level 1,Level 2,Basement 1,Basement 2,4
f366ed82-9dda-4d14-815c-24ae550fcd24.jpg,What is the charge of the particle represented by the red circle in the image?,Negative,Neutral,Positive,No charge,1
fc6b8738-af77-4018-b08d-8f7cfd6a120b.jpg,Which team won the Grand Final in the Global Final 2019?,Team Liquid,FaZe Clan,Ninjas in Pyjamas,Astralis,4
7383808f-aacf-48b4-918a-f2740fe17752.jpg,アクティビティ05の完了率は何パーセントですか？,85%,100%,25%,50%,1
eefd88e8-1c2f-4b35-ad6f-c51705e9e874.jpg,このクラス図において、'社員'クラスが持つメソッドはどれですか？,営業を行う,勤怠入力をする,事務処理を行う,システム開発を行う,2
1b5de9b1-6536-4e63-bf23-3abfcfbac79f.jpg,Which poster mentions a group exhibition?,Tiki Nook Lounge,Lost Future,New Grafika,Time to Dream,3
6e5b62aa-bec9-4e83-9681-89a30c0b55db.jpg,In which month does Series 2 reach its peak value?,August,June,October,December,2
b0efefb6-3974-4afc-9f93-2ad93d112f62.jpg,この地図に示されている道路の中で、東京を通る既定道路はどれですか？,第三京浜道路,東名高速道路,関越自動車道,中央道,2
cdd3dafd-60db-4cef-9bfa-2a5d4bfbe489.jpg,田中家の家系図において、田中一郎の子供は何人いますか？,2人,3人,4人,1人,1
dcf95fc4-f983-4003-8374-5dc2916fef20.jpg,Which station is located at the intersection of the 63rd Street Tunnel and the Metro-North Railroad?,Penn Station,Queensboro Plaza,Sunnyside Station,Grand Central Terminal,4
dcaf4003-64af-4107-b82a-6595fbcb1121.jpg,この地図で、名神高速道路はどの番号で示されていますか？,4,3,1,2,3
586ef1f0-39d7-42a2-914f-d864a9785f96.jpg,Which bar represents the highest value in the chart?,No. 4,No. 1,No. 5,No. 2,3
191712f4-c653-46a7-8642-4688363be84a.jpg,What is the primary focus of the image?,Causal Research,Market Analysis,Financial Planning,Product Development,1
f528da5e-49bc-41dd-be34-9f6253f909c1.jpg,ROICの要素分解において、売上高営業利益率に含まれる要素はどれですか？,研究開発費率,投下資本回転率,運転資本回転率,売上債権回転日数,1
9d1de865-6dde-482b-a2df-8a9e27b49c4a.jpg,第3四半期における地域1の売上はどのくらいですか？,"5,000千円","20,000千円","10,000千円","15,000千円",3
d2499c10-6b48-49c3-b625-fe565d2c84a3.jpg,このスプレッドシートのグラフで、最も収入が高い月はどれですか？,11月,1月,2月,12月,3
6ce3b87f-6aa3-4f7a-81f3-a887a990f552.jpg,What is the projected Compound Annual Growth Rate (CAGR) for the Global Health and Wellness Market from 2021 to 2031?,12.3%,15.0%,8.5%,10.9%,4
da8288e0-b5e3-4929-9f45-3b2a2f46d2d3.jpg,"Which phase of the economic cycle is characterized by outperformers in health care, consumer staples, and utilities?",Phase 4: Recovery,Phase 1: Expansion,Phase 2: Peak,Phase 3: Contraction,4
aac191c7-c8e1-4167-8286-e61753b01dee.jpg,Cさんの合計点数は何点ですか？,235,200,240,180,3
41e056ec-0d08-4e5c-ae61-238906c7f8d5.jpg,グラフにおいて、4月の15〜29歳のサービス認知度はどのくらいですか？,30%,50%,70%,60%,4
6c799f00-898f-4404-acf0-46da2540ad93.jpg,Which month is associated with a gear icon in the timeline?,August,October,December,March,1
b1a038f7-5b66-436d-9b79-c22580bd114e.jpg,What is the main theme of the Spencer Magazine issue shown in the image?,Fresh Summer Fashion,Winter Fashion Trends,Spring Style Guide,Autumn Wardrobe Essentials,1
58afe968-ac65-44f7-840b-12be16d72072.jpg,What category has the largest segment in the donut chart?,All categories are equal,Category A,Category C,Category B,4
86176c21-c16c-4bac-9b9c-ca81b5cee11d.jpg,"Which interstate highway connects Sacramento, California to Salt Lake City, Utah?",Interstate 5,Interstate 80,Interstate 15,Interstate 40,2
342e3ac6-0b3d-4222-b864-a7caaef5e633.jpg,What is the designated emergency assembly area according to the evacuation plan?,Main Entrance,Lawn between Science 2 Building N34 & Technology Building N44,Carpark,Roof Terrace,2
bcf7c630-94f6-4831-85d9-6181077b8458.jpg,What is the main purpose of this image?,To promote a new camera model,To recruit a talented graphic designer,To advertise a new donut shop,To showcase a new laptop design,2
01ac1a92-c077-41a1-9ece-051c7e3118ca.jpg,この家系図で、最も下の世代に属する人物は何人いますか？,4人,2人,5人,3人,1
65fc1a0c-d8a1-4188-a13e-5a37dfcebc16.jpg,ツリー作成フェーズで、通常作業の挿入の目的は何ですか？,簡潔な用語の使用,変動要因の整理,時間軸の設定,前後関係を明らかにする,4
a8d2b47d-6839-415a-9b11-9ff0687b9268.jpg,この画像で行われている活動は何ですか？,絵画教室,ボウリング,料理教室,ダンス,2
6a5eab96-678e-4aef-be50-9202eae5e0eb.jpg,第95回選抜高校野球の組み合わせで、3月21日に試合が行われるチームの組み合わせはどれですか？,仙台育英（宮城） vs 慶応（神奈川）,能代松陽（秋田） vs 石橋（栃木）,大分商（大分） vs 作新学院（栃木）,光（山口） vs 彦根総合（滋賀）,1
73a8f904-5c70-4cee-bde8-8e8aedd1e7cd.jpg,Which type of Pokemon generally has the highest defense according to the chart?,Fire,Psychic,Grass,Rock,4
4fb53bd2-a74a-4c9d-846b-66726608eb5e.jpg,Which team did Gonzaga defeat in the Regional Finals to advance to the National Semifinals?,South Carolina,West Virginia,Xavier,Florida,3
2f170862-1210-4041-8b0f-fb9a2073fe2a.jpg,2005年から2012年の間で、営業活動によるキャッシュフローが最も高かった年はどれですか？,2010年,2012年,2005年,2008年,4
c03d7258-5c32-4a35-aff8-491d048cb256.jpg,"In the Fault Tree Analysis Diagram, which combination of events leads directly to the 'Top Event'?",A + B,A̅ + B + C,A + B + C,A + B̅ + C,4
93f2f5c7-ce0b-401b-ad6b-fce0471d42ce.jpg,このワークフローシステムで、文書の状態が『決裁済み』に自動で変更されるのはどのタイミングですか？,係長が承認したとき,起案者が文書を登録したとき,市長が承認したとき,課長代理が承認したとき,3
155f9add-c24f-4ded-a454-9eff5d422418.jpg,画像の『After』のグラフで、最も多くの人が選んだ入会動機は何ですか？,月会費,マシン数,アクセス,スタジオメニュー,3
aed6772e-e6d3-4dac-aabb-fa7122fa6bd9.jpg,この地図上で、名鉄名古屋本線が通っているのはどのエリアですか？,E5からF5,G2からH2,A3からA4,C6からD6,1
d54d03ab-c857-4909-8ef2-0b2f0f12b3b1.jpg,OJTの4つのステップのうち、実際に体験させるステップはどれですか？,Step 1: Show,Step 2: Tell,Step 3: Do,Step 4: Check,3
0dff93cb-edd7-41fc-809e-76a6dc5c18d4.jpg,What percentage of respondents rated the welcome drink as 1?,29%,26%,31%,18%,3
8c316632-5244-43da-bdda-22313d2b3269.jpg,画像の中で、最も右に位置しているラベルはどれですか？,No.1,No.2,No.5,No.10,3
62a2348f-a369-4cd3-a7be-2361b7538614.jpg,What is the main theme depicted in the image?,A peaceful sunset scene,A historical reenactment,A superhero preparing for battle,A futuristic cityscape,3
570a4dc1-2d90-4678-95a6-d0ecdb48558a.jpg,11月のカレンダーで、アイロンビーズ作りが予定されている日は何日ですか？,17日,9日,1日,25日,1
0db59f97-f775-4d65-a7ef-f7c5716cb50c.jpg,What is the hourly tutoring rate for the first child mentioned in the flyer?,$25,$35,$30,$20,1
3b956946-38e0-4017-b945-9ce897c74a91.jpg,Which route is planned to be open by 2005 and is located in the southeast of England?,Penzance Coastal Route,Phoenix Cycle Route,Ramsgate to Sandwich Route,Swiss Valley Railway,3
352ac15f-e487-439f-98c0-279b84d7a2fe.jpg,Which of the following is NOT a primary activity in Porter's Value Chain Analysis Model?,Inbound Logistics,Operations,Human Resource Management,Marketing & Sales,3
8a8a22c8-4506-4415-ba48-8e0b85e2976f.jpg,OISTメインキャンパスから名護までの所要時間はどれくらいですか？,約150分,約60分,約155分,約175分,3
bc7310dc-afe3-432a-92f5-c1b29328b638.jpg,セラミック＋ジルコニアの特徴として正しいものはどれですか？,金属アレルギーの心配がある,透明感があり自然な歯のように美しい白い色,汚れや着色が付きやすい,内部の金属が見えて丈夫,2
92f6d98a-d6a4-4cd7-8242-f0c3bacbbed3.jpg,"In the 2014 survey, which music style saw the largest increase in preference compared to 1994?",Hard Rock,Hip-Hop,Samba,Reggae,2
752130a9-f72d-40b4-b1cf-df53d155dec2.jpg,この画像に描かれているバーガーの種類は何ですか？,フィッシュバーガー,テリヤキバーガー,ベジタリアンバーガー,チーズバーガー,2
8eadfc96-45ff-4e95-a44d-f1365d47e3aa.jpg,Which clinic is located next to the Pharmacy on Level 1?,Infusion Center/Travel Clinic,Admitting,Emergency Department,Radiology (X-Ray),2
9974295e-8797-44df-b8b1-78ea5acc345f.jpg,このシステムの計算ノードの総数は何台ですか？,"2,000台","1,000台","1,368台","1,500台",3
6c0b6ed3-6f79-4fb0-a323-82bb5983445a.jpg,Which group contains the most teams?,Group D,Group H,Group A,Group F,1
dc892d9a-3285-438b-ab09-52f6bab38320.jpg,Which product has the highest combined percentage in both the inner and outer rings?,Product A,Product D,Product B,Product C,4
4188bd23-6c38-4a48-b228-6688d867cec9.jpg,FOBとCIFの違いにおいて、費用負担が輸入者側に移るのはどの時点ですか？,船舶上,指定港,輸入者の倉庫,輸出者の倉庫,2
1e5caa07-b3ab-475d-84d7-6532a6f52e21.jpg,茨木市中部・北部のバス路線図において、阪急山田駅から千里中央までの路線番号は何番ですか？,57,81,90,85,1
645b5c34-5a99-4f5a-96e3-f69db913aed9.jpg,『こころ』の相関図において、先生がKに対して行ったことは何ですか？,援助,裏切り,無視,告白,2
538c58fe-9fdf-4d0d-89a0-4e00f552b7fd.jpg,Which magazine cover features a person with a background of the American flag?,Monocle,Smith Journal,Inc.,The Economist,4
1cdf8ad7-c9d9-40ba-83f7-69183eb85be8.jpg,What is the approximate range of Daily Power Variation (MW) for the majority of Daily Data Points?,350 to 450 MW,250 to 350 MW,150 to 250 MW,50 to 150 MW,3
60c46cc9-aa29-49b6-b611-1eaccaab2617.jpg,この広告で強調されているサービスは何ですか？,焼肉食べ放題,寿司食べ放題,飲み放題,デザートビュッフェ,1
4e178c0b-766d-476a-9c2e-3309b0ef1f3f.jpg,What feature is prominently displayed on all three screens of the Google Maps app shown in the image?,Weather information,Search bar,Traffic updates,Public transport schedules,2
1f279631-b611-4980-b380-63c96f1d2324.jpg,What is the main theme highlighted on the magazine cover?,Tech Innovations,Culinary Delights,Inspiration for the Modern Woman,Travel Destinations,3
0c887103-58be-4842-a958-2fb7daa8eac4.jpg,この病院の3階にある部門はどれですか？,病棟,手術・集中治療,供給・事務,外来部門,2
8e1b0c75-8e56-4f0d-ac48-71d274dbcc47.jpg,この画像に記載されているコンサートの日付はいつですか？,July 7-8,July 5-6,July 11-12,July 9-10,1
a4d3cf4f-b4a9-4f88-bf45-15acf9be9dab.jpg,このフロアマップで、トイレはどの位置にありますか？,左上,右上,中央,左下,4
37ccf4e5-b4ab-47f8-b24f-f60b325257f0.jpg,Which area is located directly next to the 'Titanic' exhibit on the map?,Blue Man Group,Food Court,Carrot Top & Fantasy,Bodies,4
0a204a78-14df-4078-a32d-f53a2d502a28.jpg,平安時代の文化に関する詳細が表示されている場所はどこですか？,地図上の青い点,地図上の赤い点,地図上の黄色の点,地図上の緑の点,2
4aaef1cb-54a6-488b-b1df-d074fcd4a9f4.jpg,In which year did the Real Median Household Income reach its lowest point according to the graph?,2010,2012,2005,2016,1
2410d8ee-56b6-4baf-ab69-3b7c6e6a8180.jpg,Which sub-category shows the highest increase in sales percentage in September?,Tables,Chairs,Phones,Accessories,2
8742b838-fd90-4d4b-922d-a23d6dee8f41.jpg,Which role is directly under the 'Proactive Services Manager' in the organizational chart?,Proactive Services Team,Director of IT Technologies,IT Support Manager,IT Project Managers,1
bb38df72-c534-43fb-ba7b-248826370ac9.jpg,準決勝で報徳学園が対戦した相手はどこですか？,京都成章,長崎北陽台,東福岡,天理,4
891c502e-362a-4be6-a985-a6b6f19b60ba.jpg,Which building is located directly north of the Library?,Administration,Multipurpose Room,Royal Cafe,Gym,4
593bec13-d0fb-4ffd-8c3c-2e6fe9669172.jpg,Which state has the highest frequency in the data shown?,Total,Ohio,Kentucky,Indiana,2
846522a0-d046-4f58-9343-7efcc056c802.jpg,この図面において、部品の全長は何mmですか？,210mm,150mm,220mm,180mm,3
3856ff58-a162-413d-8b5b-8acf3e405901.jpg,What is the primary purpose of the diagram shown in the image?,To outline the steps in a manufacturing process,To identify potential solutions for a problem,To determine the root causes and corrective actions for a problem,To display a company's organizational structure,3
60437238-433c-4724-b247-9310b4120ac6.jpg,Which room on the second floor is located directly above the National Mall Entrance on the first floor?,Room 203,Room 213,Room 210,Room 207,4
441e8c94-007e-4d03-8d9d-2dffceda4e51.jpg,Which task has both completed and outstanding parts?,Task 15,Task 10,Task 12,Task 6,3
97292a65-2371-43b6-8675-38fd498292df.jpg,What should you do first if there is a fire inside your room according to the emergency evacuation plan?,Call the fire department,Activate the fire alarms,Walk to the nearest stairwell exit,Call the hotel operator,1
14f9ffa3-55a2-415c-ba9d-703873ca046f.jpg,What is the main theme of the magazine issue?,The Beauty Issue,The Fashion Issue,The Love Issue,The Travel Issue,3
9366d91e-a8f1-4aea-adb7-b3f2de987854.jpg,どの支店の売上が11月に最も高かったですか？,鹿児島支店,宮崎支店,福岡支店,データが不足している,2
3233d1f5-6817-4e58-aafa-7a650fdbd74e.jpg,What is the price of the 3BR single-family home listed under 'REAL ESTATE'?,"$32,200","$32,300","$32,100","$32,400",2
aefe4890-a374-4229-817b-a02a8b624624.jpg,この雑誌の発行月はいつですか？,2023年4月,2023年2月,2023年1月,2023年3月,2
2caaff88-4117-4c9d-8149-111d3ff1e5a6.jpg,Which method in the 'Job' class is responsible for checking if a job is vacant?,isVacant():boolean,getMaxSalary():double,setPerson(Employee):void,getDescription():String,1
f51e81b3-12b4-4041-8fca-6ae0abc2e520.jpg,"In the image, which component is responsible for handling model drift and active learning feedback loops?",Model Registry,Online Feature Store,Alarm Manager,Application,1
c4f8d621-be50-49d7-977b-4382aabede8b.jpg,大阪商工会議所の組織図において、常任委員会はどのような委員会を含んでいますか？,総務委員会、法規委員会、観光委員会,企画広報委員会、総務委員会、財務委員会,企画広報委員会、総務委員会、防災委員会,法規委員会、観光委員会、財務委員会,3
0c12b681-1d82-4596-ae2a-fef34baab4b6.jpg,このネットワーク図において、インターネットからのトラフィックは最初にどのコンポーネントを通過しますか？,標準FW/LB,拡張FW,KDDI Wide Area Virtual Switch,Premiumサーバ①,2
4c3d0d9e-ef04-422f-be25-4cf1b1fb76a9.jpg,COSMOSシステムにおいて、データソースからBirst Enterpriseにデータが移動する際に使用されるプロセスは何ですか？,EAI,FTP,ETL,sFTP,3
aa320b19-cb8b-4970-912e-16ea0fe33628.jpg,What percentage of respondents strongly agree in the second row?,26%,83%,61%,52%,4
f8638a28-c78c-4b40-a9d3-19a50717a1ea.jpg,この画像に示されているスプライン加工方法のうち、創生法に該当するのはどれですか？,ミーリング加工,ホブ加工,インボリュートスプライン加工,エンドミル加工,2
4ca816c8-fb46-4c8e-941c-6a125f8606a9.jpg,Which table contains information about the localization and score of protein sorting?,genomyodb_dblink,genomyodb_refseq,genomyodb_psortb,genomyodb_seq,3
b7ac4650-770a-4b7c-b3cc-d054486ec709.jpg,What is the main theme of the magazine article featuring Kenkyusha?,The evolution of sushi cuisine,Interviewing global artists for insights,The importance of fashion in magazines,The history of J-pop music,2
a8031a87-4de8-4fa5-a92e-21a8ac7027e3.jpg,Which section is located directly opposite the Synovus Terrace?,Section 119,Section 108,Section 101,Section 104,1
0a0eac03-12fc-467e-a8de-22a618935bad.jpg,このスケジュール表で、営業外回りの開始時刻は何時ですか？,14時,17時,15時,16時,3
db588cfd-6d30-4185-a223-dcea8390495a.jpg,What is the correct sequence of actions to take in case of a fire according to the evacuation plan?,"Sound the alarm, report to assembly point, leave the building","Sound the alarm, leave the building, report to assembly point","Leave the building, sound the alarm, report to assembly point","Report to assembly point, sound the alarm, leave the building",2
3d18d488-8c23-477c-9cec-b58f4d00c10f.jpg,この画像によると、避難の準備段階で家族が行っていることは何ですか？,食料の準備,避難訓練の実施,避難場所の確認,近所への連絡,3
02e05040-b2dc-4344-a949-23dad2719182.jpg,What is the primary purpose of the pyramid diagram shown in the image?,To compare different data sets,To display a timeline of events,To show a process flow,To illustrate a hierarchical structure,4
b0930e9d-237e-4e5c-b203-8d034f080a6a.jpg,What is the main purpose of the document shown in the image?,To announce a new service,To share a personal story,To provide company updates,To advertise a product,3
c10be2c5-5e6d-4314-bd43-778af2cf95c5.jpg,2019年の営業利益率はどれですか？,17.0%,5.8%,8.7%,25.0%,1
7f04918d-fca6-4b32-b63d-a45a9febef64.jpg,What season is the magazine issue for?,Winter/Spring,Spring/Summer,Summer/Autumn,Autumn/Winter,4
15acf53b-f601-4b43-8798-6cca7039ecf8.jpg,What is the main focus of the 8-week challenge mentioned on the cover?,Fighting fat with food,Building big muscle,Boosting testosterone,Preventing a heart attack,2
a011bd4a-a9a7-46e8-831a-8aaa5b1e277b.jpg,Who is the parent of Damon Wayans Jr. in the family tree?,Damon Wayans Sr.,Shawn Wayans,Keenen Ivory Wayans,Marlon Wayans,1
a32512b6-1f02-4db8-8de0-a96a9c58c7bc.jpg,On which date did the Ninth Milestone or Event occur?,"November 9, 2007","January 15, 2015","April 1, 1995","February 1, 2001",1
335b2b03-35cc-4342-98b5-16316c32999b.jpg,What is one of the steps mentioned for organizing a compare/contrast essay?,Indent your paragraphs,Include a bibliography,Use a graphic organizer like a pie chart,Write a summary paragraph,1
2d06b18a-8693-465d-82dc-abc9f62c7a83.jpg,子ども編で、昨年順位が最も上昇したキャラクターはどれですか？,きかんしゃトーマス,くまのプーさん,ドラえもん,アンパンマン,1
457f385e-3656-4a0c-b787-d50e8e07cacc.jpg,What is the role of the RTU in the configuration diagram?,"It stores software, displays, and databases.",It provides documentation for incidents and site modifications.,"It manages firmware, configuration, and logic.",It serves as the Operation Control Centre.,3
868f716e-12af-465b-8a24-bdc8c601b564.jpg,What are the open hours for the fast food restaurant?,Mon-Sun 8 AM - 10 PM,Mon-Fri 7 AM - 11 PM,Mon-Sun 10 AM - 12 AM,Mon-Fri 9 AM - 9 PM,2
0c72efbe-b69e-4933-89a1-9220ebd62932.jpg,"If the total time spent is 856 hours, how many minutes were spent on each subject?",45 minutes,57 minutes,60 minutes,30 minutes,2
87ae7cc6-297a-4dbd-bb5c-1ccacd93cdda.jpg,保体部の活動のメインは何ですか？,PTCの企画立案,学校清掃と済美ブロック大会の運営,新年度の役員選出,クラス役員の選出,2
6372eeae-b09f-47d2-afd2-e18a048f0a83.jpg,Which frequency range is allocated for the 17 meters amateur band?,24.890 to 24.990 MHz,14.000 to 14.350 MHz,18.068 to 18.168 MHz,21.025 to 21.450 MHz,3
902646fd-22f5-4bc1-9dac-138ccd0a7e90.jpg,タスク3の担当者は誰ですか？,C,B,A,D,1
1fd5d096-4719-41cb-a4ed-9f559e50ac5a.jpg,2021年山東マッチプレーゴルフトーナメントの優勝者は誰ですか？,多田 和樹,藤山 開展,引野 立基,定本 八彌,4
22880feb-e088-4eff-b623-ebf23d0f03f1.jpg,この化学の教科書の表紙に書かれているQRコンテンツの利用方法は何ですか？,ビデオ講義を見る,追加の学習資料をダウンロードする,教師に質問を送る,オンラインテストを受ける,2
8cb7cde1-8842-4b6b-ac31-abc89730fda3.jpg,スタンダード版で利用可能な機能はどれですか？,機能7,機能1,機能5,機能3,4
fb019335-516c-4d50-bf8c-3bde43ce3a88.jpg,"In the simple mediation model shown, which variable acts as the mediator between X and Y?",M,Y,None of the above,X,1
1a0bd306-488e-40df-a0ba-a758558822b2.jpg,What is being given away during the two-day official celebration of the new White Rose Station?,Free car washes,Free Cokes,Free gasoline,Free oil changes,2
0f294f14-3d03-4464-a594-3ed1f81165cb.jpg,What is the total area of the bedroom in the given floor plan?,124 square feet,134 square feet,120 square feet,130 square feet,1
164bc01b-c474-466f-af0b-6ee731a2314c.jpg,What percentage of the chart is represented by the 60-80 range?,50%,45%,25%,30%,2
3f84fbfc-0196-4131-bf2e-a37a7e3901e3.jpg,Which category has the highest percentage in the blue section?,G,F,A,C,2
54ea2902-d1c6-4265-9cfd-96f8a29476e1.jpg,2016年から2020年の間で、iPhoneの売上が最も高かった年はどれですか？,2016年,2018年,2019年,2017年,2
4978a999-750e-4414-b0ee-aed1c97ebcfd.jpg,この成績表において、得点が最も高かったのはどの日付ですか？,4/20,8/24,6/22,11/27,2
f22f986c-3690-4c58-bea8-e1b7dfc7a9c3.jpg,"In the Double bar chart, what is the value for Series 2 in May?",450,750,550,850,4
2dfa2b2b-a4af-47fb-a653-cb30d9c61cb9.jpg,Which band has the highest relative spectral response at a wavelength of approximately 550 nm?,Band 2,Band 3,Band 1,Band 4,1
cbf7b0ef-42b0-4963-b518-41e8db7b94d5.jpg,この分類図において、ヒトはどの分類に属していますか？,種 (サピエンス),界 (動物),科 (ホミニドエ),門 (脊索動物門),1
7ca8d652-767f-4ccc-bec6-debff308c612.jpg,この施設の入居一時金はいくらですか？,"50,000円","10,000円","100,000円",0円,4
0669da4c-2fb8-4133-a78b-419a43408df5.jpg,集合縦棒グラフにおいて、'ふつう'のカテゴリーで最も高い値を示している色はどれですか？,灰色,オレンジ,青,赤,1
beead3c7-e6c4-48e0-8683-362a8a3ff104.jpg,Which condition is associated with Metoprolol according to the network diagram?,Adenocarcinoma of Esophagus,Alcoholism,Bladder cancer,Acute Kidney Injury,3
f63b90fa-7889-45f2-9883-c4976318702d.jpg,What is the main theme of the event invitation shown in the image?,Spring Fling Celebration,Autumn Harvest Festival,Winter Wonderland,Summer Beach Party,1
a986306e-a192-4a65-832b-c1d67f2eb5c9.jpg,What is one of the features mentioned for the school admission?,Certificated Teachers,Free Lunch,Weekend Programs,Online Classes,1
13d15c68-9b28-4276-a697-0f20e6a18810.jpg,Which country has the highest sugar and fat intake according to the chart?,US,NZ,BE,DE,1
b7f172b2-104d-4011-bcf7-297abc190e07.jpg,What is the central theme of the 6 Circle Venn Diagram shown in the image?,Team Collaboration,Business Strategy,Data Analysis,Project Management,1
e5b1ecd5-2446-4bbb-b722-7d778e68b9fb.jpg,2015年の売り上げにおいて、事業Aの売り上げはどのくらいですか？,約20億円,約60億円,約40億円,約80億円,3
460325db-398a-4940-b0ea-af094e6c2110.jpg,図表1-2-67において、平成28年度の処遇改善率はどのくらいですか？,5.2%,7.1%,8.1%,6.3%,1
14849e03-4230-4e48-8e2f-1637a714cd2b.jpg,What is the main theme discussed in the Business Today cover featuring an AI-generated avatar?,The impact of AI on the future of technology,The challenges of climate change,The rise of cryptocurrency in global markets,The evolution of traditional media,1
ee90b40c-a6a3-4207-881a-490db23c9f7f.jpg,このバブルチャートにおいて、最も大きなバブルが示すデータポイントの平均寿命はどれですか？,60,50,80,70,4
8db1b91e-0b98-4b9e-a197-37b9fc366229.jpg,Which of the following is a direct realization of the 'Field' class?,Control,TextField,ActionLink,Form,2
f00e1f81-299c-4eea-ab38-483a709aabc6.jpg,この画像で募集しているのは何ですか？,新商品のアイデア,イベント参加者,アルバイト,ポスター広告,4
1e129c19-698e-434f-839e-4f915772748a.jpg,Which major interstate highway is shown on the map?,I-95,I-70,I-80,I-90,1
17d6ed25-6838-41c2-ac50-99574b12311a.jpg,Which tree has the largest circumference at the age of 1600?,Tree 2,Tree 4,Tree 1,Tree 3,2
a22c1355-d84d-48e9-b63b-45ac0ba2ed09.jpg,What is the frequency range for Ultra High Frequency (UHF) according to the image?,0.3 MHz to 3 MHz,"300 MHz to 3,000 MHz",30 MHz to 300 MHz,3 MHz to 30 MHz,2
646231c4-ea02-4f3b-9fdc-5fc79a0e237c.jpg,What is the main message conveyed by the image?,Advertising a new candy product,Encouraging healthy eating habits,Promoting mental health awareness,Highlighting the importance of exercise,3
d72051f8-0b63-49f5-8253-ad5a1a0f857d.jpg,バザーは何時から何時まで開催されますか？,AM8:00～PM2:00,AM9:00～PM3:00,AM11:00～PM5:00,AM10:00～PM4:00,2
b4026295-0053-4669-ac56-86d6fefc0102.jpg,Which team does the 'Project Doc Controller' belong to in the Architect Engineering Branch?,Architect Engineering Team BWD,Architect Engineering Team EKI,Station Interface Leads,Architect Engineering Support Team,4
b2d37bdf-c6db-406a-9563-9bdca7f66ab4.jpg,Which of the following is NOT a primary activity in Spotify's value chain analysis?,Inbound logistics,Technology development,Service,Marketing and sales,2
4cbbafa4-e885-4264-91d1-d427fd4dd8d9.jpg,What is the first step to take in case of an emergency according to the evacuation map?,Do not jeopardize personal safety.,Remain calm and do not panic.,Proceed to the designated assembly area.,Evacuate people from a safe escape route.,2
eeef6d46-f958-4554-9c6b-0eb0fae70ba9.jpg,What is the main theme of the magazine cover?,Travel Destinations,Technology Innovations,2023 Fashion Trend Predictions,Culinary Recipes,3
a5d9d732-5024-4997-9754-3e460a9b9b07.jpg,営業部門が資料送付を行う前に行うステップはどれですか？,登録完了,送付先確認,資料請求,営業フォロー,2
0f7234af-5108-43f6-a9b3-b143bae56755.jpg,阪急池田駅から文化会館前まで行くには、どのバス路線を利用すればよいですか？,2番,3番,4番,1番,2
8b5585aa-8794-4a5e-a93b-4f7f3c1f0381.jpg,Which category has the highest number of locations in the map?,Health & Beauty,Entertainment,Dine,Shop,1
a14a1520-1a96-44b7-98b6-3958e8c177a6.jpg,この間取り図において、リビングルームに隣接している部屋はどれですか？,バスルーム,トイレ,玄関,キッチン,4
e235b327-fe1a-4255-9574-b2ad215631ed.jpg,文化祭は何時から何時まで開催されますか？,12時～19時,11時～18時,13時～20時,10時～17時,2
e1c78859-55bb-4098-bff1-b625fb0ff3d6.jpg,この広告で提供されているサービスの初回限定価格は何円ですか？,380円,"3,500円","1,300円","2,300円",3
736752cf-716e-4e41-b6c7-0a433fb00165.jpg,How many total seats are there across all tables in the image?,70,60,80,50,2
72dbd092-8d24-430f-a36c-9c9c2ea3e46c.jpg,Which AP test does not receive credit for a score of 3 at UMBC?,Economics - Macro,English Language Composition,Chemistry,Biology,4
b3161e98-759c-4fb5-bf21-90fe7453698d.jpg,画像の中で、アドレナリンの投与量はどのように記載されていますか？,毎日10mg,毎日50mgを50mg,毎日100mg,毎日5mg,2
3de0a558-3610-4941-a878-6eacb5f351fe.jpg,What is the diameter of the holes labeled as '4 HOLES' in the drawing?,0.750,0.812,0.6240,0.625,3
485717f2-f53f-4936-b372-999767b7fa70.jpg,On which day is 'Music Appreciation' scheduled?,Wednesday,Friday,Monday,Thursday,2
48eb0cb1-0a77-4e74-8e13-34dde5e310cc.jpg,この広告はどの企業によって提供されていますか？,富士フイルム,キャノン,パナソニック,ソニー,1
6eae90ca-4a77-4e37-b7b1-365062bd9d2d.jpg,What is the minimum annual contribution per seat for Zone 1 seating?,$200,$600,$800,$400,2
47b25244-027a-4012-bac8-f629feee0970.jpg,What is the main theme of the newsletter?,Annual Financial Report,Vol. 23 Technology,Business Strategies,The Integration of Information and Design Technology,4
e4258f09-db90-4e6b-bc4e-46bf93eb0c16.jpg,What is the primary purpose of the 'Points' in the line graph?,To label the axes,To show the trend over time,To represent the data amount,To indicate the scale of the graph,3
b2381f61-49a3-43d2-93ff-9e5370cbb77d.jpg,Which color bar represents the longest duration on the chart?,Red,Purple,Green,Blue,3
2bd65082-edc1-4a58-b96c-ac5e673c2791.jpg,What type of insurance is being advertised in the image?,Health Insurance,Home Insurance,Life Insurance,Taxi Insurance,4
1122412f-ec5d-4ddb-bf44-9b74c814b8bb.jpg,In which year did the public sector spending on health as a percentage of GDP first reach 5%?,1985/86,2000/01,2013/14,1973/74,2
787a91e5-250b-420b-a73b-75b00c896271.jpg,このフローチャートにおいて、テセラが行う工程はどれですか？,承認,受け入れ検査,検討,設計仕様,4
be327ece-e99d-4b2a-b337-bdeef142e901.jpg,2050年に向けて、どのようなエネルギーの導入が示されていますか？,石炭エネルギー,水素エネルギーと電気自動車,原子力エネルギー,風力エネルギー,2
753ccbeb-a453-410a-91ca-aada0d5e24f8.jpg,What is the approximate total revenue in May according to the area chart?,$800M,$400M,$600M,$1000M,1
f21c2ced-71e7-4fc8-8c56-da9078b5b0c3.jpg,Who is responsible for giving the Certificate of Recognition in the Math Department?,Ruby A. Dumalaog,Dr. Belinda V. Dinopol and Lindell June Marfil,Aquilino Buenaflor,Ma. Teresa Penecilla,2
6dfd2f62-a1e0-4f06-b5c2-8c50089dde49.jpg,この画像で紹介されているアプリの名前は何ですか？,ちょこRoute,ちょこNavi,ちょこMap,ちょこGuide,2
e62b2e0f-9a7c-4f1d-ab61-1ad3cabb33d4.jpg,What is the main theme of the Men's Health magazine cover?,Body Transformation,Financial Planning,Travel Destinations,Cooking Recipes,1
04a5217b-8946-4de1-bc76-b9b315f69d32.jpg,Which community college offers both 'Certificate in Commercial Food Processing' and 'Certificate in Food Processing and Quality Control'?,Arau Community College,Pasir Salak Community College,Je lebu Community College,Lahad Datu Community College,1
9ddb4e18-fec1-41d6-8696-862b1f26bbde.jpg,レーダーチャートで最も高い値を示しているのはどの項目ですか？,A,D,C,B,3
df4a9e01-25d2-42a0-b9cc-c300abbe4062.jpg,この図において、サンリオから販売業者に提供されるものは何ですか？,グッズ,入場料金,テーマパーク事業,顧客,1
4079918e-3988-498f-b88d-789c6cdbe705.jpg,この図において、製品が顧客に渡されるプロセスはどれですか？,経営者の責任プロセス,製品実現のプロセス,要求事項プロセス,測定・分析・改善のプロセス,2
832e3289-4f8e-4739-a509-f1098e108ea4.jpg,2010年から2014年の間で、輸入品価格（単位: 万トン）が最も高かった年はどれですか？,2011年,2010年,2014年,2012年,3
a6a5bf7b-bfb9-4ed8-b997-a0d27131cc55.jpg,入社1〜2週間のオリエン・研修で行われる活動はどれですか？,新人研修打ち上げ,Welcomeセレモニー,内定者懇親会,社会人スキルを身につける,4
e9cb1e80-08f1-4af2-a5e9-39c28a3c60cd.jpg,この図において、ECプラットフォームとデータ連携ツールEAI (Magic XPI) の間で連携されているものは何ですか？,支払情報,返品ステータス,受注ステータス,在庫単価,3
227911f0-41df-4141-b294-d9c3c6bb4e72.jpg,この雑誌の特集は何に関するものですか？,料理レシピ,健康とフィットネス,最新ファッション,世界の絶景ロケ地,4
d0995340-57a6-4109-8a4b-fe1f97fba320.jpg,On which day did Shamla walk the most steps?,Saturday,Thursday,Monday,Wednesday,4
384e611b-ca54-4aec-bbe9-e1e478c38505.jpg,東京体育館の座席表で、ステージに最も近い座席エリアはどれですか？,C1,A1,D1,B1,2
bfef44ac-479a-48b1-a0db-a9a3f0caab2c.jpg,In which year did the 'Open' status have the highest count?,2012,2015,2014,2016,2
10dfbeec-7352-47e8-bb2a-3542d5c64f2d.jpg,Which team in Group A had the highest number of wins?,Roma,CFR,Bordeaux,Chelsea,1
b8ef9ec0-a94b-44d0-8cb7-8ee8de740ad0.jpg,中央エレベーターの近くにある施設はどれですか？,トイレ,待合ラウンジ,外来エレベーター,自動販売機,1
2811021a-b311-4ba8-9366-ed84212a50ca.jpg,Which design studio is featured in the CreativeGuild newsletter?,Timo Kuilder,Rescue Vessel,Mailblast,TWOTHIRDS,2
e555479b-ce3a-4387-8618-af889dfd2b33.jpg,Which category has the highest score in the radar chart?,mRSq,EQ-5D,HAD-D,Smärta,1
1be77c2b-a999-4417-971d-1e4bfc90c909.jpg,この画像において、明朝体とゴシック体の違いは何ですか？,明朝体は文字が読みやすい,ゴシック体は文字が読みやすい,ゴシック体は矢印が太い,明朝体は矢印が細い,2
ff48f82e-171e-42b0-a594-a83784d7ba57.jpg,この雑誌の表紙に書かれている特集のテーマは何ですか？,夏のリアルスタイル1000例,春の旅行特集,冬のファッションガイド,秋の料理レシピ,1
da0f2f1b-c7d8-4512-b4d6-0e45fa9ee7a4.jpg,このコンサートはどこで開催されますか？,NHKホール,東京ドーム,大阪城ホール,杉並公会堂 小ホール,4
840f2fb0-f2a7-4ea6-9d27-7788fd2bb3a8.jpg,"In the class diagram, which entity is directly associated with both 'Plan' and 'Provider'?",Deductible,BenefitSet,Insured,Payer,4
98d28a92-1fe7-41e9-96c6-4bc9934620dd.jpg,Which station on the map is a transfer point between the Red Line and the Brown Line?,Belmont,Clark/Division,Roosevelt,Fullerton,4
491d3cf7-3df8-457e-b616-471c112724de.jpg,この座席表におけるプレミアシートの数はいくつですか？,6,15,9,12,3
96602ce4-42a6-477c-904d-91987c1ef896.jpg,What is the main headline on the cover of this magazine?,America's weed wars,SUPERFLY!,Cherry-red jeans?,The rudest people in Britain,2
c1853d8f-6585-4635-a742-49aa3438d371.jpg,Which city marks the eastern terminus of Route 66 on this map?,Los Angeles,Flagstaff,Chicago,Springfield,3
a35cec81-e06f-49c9-9ac2-805f020033a6.jpg,Which aspect is NOT explicitly mentioned in the 'Technology Aspect' section of the Venn diagram?,Research & Development,Knowledge Management,Reusability,Scientific Estimation,2
0315eee9-4acc-45e0-bb21-5981791ee73c.jpg,このバリュー・チェーン概念図において、主活動に含まれないものはどれですか？,技術開発,購買物流,サービス,製造,1
05c87df2-fd6f-4c88-a78e-f0b522b723c4.jpg,表1の棒の幅bの測定において、残差の合計はどのくらいですか？,0.0521 mm,3.6468 x 10^-3 mm,0.000 mm,0.144 mm,2
f9c4d233-9ae6-4a30-8df5-e327c8fa4f46.jpg,What should you do in case of a fire according to the evacuation plan?,Leave the building using the nearest fire exit route.,Use the lift to exit quickly.,Run to the nearest exit.,Wait for instructions from the fire brigade.,1
330da1f3-7754-4da9-8109-1bbde3ef873b.jpg,Which of the following is not a type of UML behavior diagram?,Profile diagram,Communication diagram,Sequence diagram,State machine diagram,1
5703da40-e671-4cb7-865e-69dc2fab0f6a.jpg,このドーナツチャートにおいて、都内の割合はどれですか？,61.5%,15.9%,23.0%,38.5%,1
40ac1b6e-d913-453b-ba45-180219d25a91.jpg,受注管理システムから販売管理システムに渡される情報はどれですか？,顧客更新情報,受注情報,新規顧客情報,商品出荷状況情報,2
bd95c397-f80f-4e78-a0d8-12623a3ec603.jpg,What is the designated use of room 30 on the map?,Research Lab,Café,Live Programs Area,Environmental Conference Center,4
35fa4777-99b1-434a-8c4a-4e39fd3a1408.jpg,What is the main purpose of the IT department's announcement?,To promote a new IT training program,To announce a new software launch,To inform about scheduled network maintenance,To introduce a new IT officer,3
f76276a2-239d-423b-a50d-ba6199cb7d9d.jpg,この地図に示されている都市の中で、東京に最も近い都市はどれですか？,千葉市,横浜市,川崎市,さいたま市,3
255f0c80-1ec2-45c6-b607-b9e4f52a8f01.jpg,月曜日の19:00から放送される番組は何ですか？,Super Music Wide,Sunday Night Special,くるめにナイトね,コノマチサークル,3
4501fa9b-fcf0-46a7-92b2-f58a2fed03df.jpg,この図面に記載されている設計GLの値は何ですか？,+800,+930,+860,+760,2
9a2c813b-93aa-4915-b143-020aa178cf00.jpg,この円グラフで、最も割合が大きいスポーツはどれですか？,水泳,サッカー,テニス,野球,2
910f16cb-c2be-4eac-bd72-085e88e403d4.jpg,What is the primary trend observed in the scatter plot for Group 3?,The data points show a positive correlation.,The data points are clustered around the origin.,The data points are evenly distributed across the plot.,The data points show a negative correlation.,1
2a743bf5-3bab-4692-9184-a22e3f4c9d81.jpg,この雑誌の特集テーマは何ですか？,サマーボーイと西海岸,サマーキャンプ,サマーガールと西海岸,サマーガールと東海岸,1
5b5498ce-463c-4797-b12a-93322d624f8a.jpg,インドの人口が10億人を超えたのは何年ですか？,2020年,2000年,2010年,1990年,3
c70a19d7-26a4-46db-b400-836d26f96b0f.jpg,What is the primary difference in the economic outcome between Panel (a) and Panel (b) when there is a reduction in the money supply?,"In Panel (b), the price level remains at P1, unlike in Panel (a).","In Panel (a), the short-run aggregate supply shifts more than in Panel (b).","In Panel (b), the real GDP remains constant, unlike in Panel (a).","In Panel (a), the price level decreases more than in Panel (b).",3
60f8c0b2-0463-40e4-ace2-4a121029ab25.jpg,Which of the following is NOT listed as a core activity in the value chain analysis?,Risk management,Distribution/Front office,Market Insight/Proposition Design & Engineering,Back office/Servicing,1
ef3aab74-9aa8-4240-b818-8ad7d147496f.jpg,このネットワーク図において、外部サーバーはどのデバイスに接続されていますか？,ルーター,ホテルサーバー,管理者,インターネット,1
b1df0809-aa03-4786-9f91-b1ce36c34e69.jpg,この雑誌の特集テーマは何ですか？,開運ファッション,料理レシピ,旅行ガイド,健康特集,1
80ac0b0f-13a8-496b-8b89-4b7cd1bf382e.jpg,自社の製造における稼働率はどのくらいですか？,稼働率9割,稼働率8割,稼働率4割,稼働率6割,4
9cf020ad-874f-4997-88e3-3d406927ff2c.jpg,この画像に描かれているキャラクターが持っている果物は何ですか？,ぶどう,オレンジ,りんご,バナナ,3
6d58696e-2bd1-46a0-a4a1-a73720784cfe.jpg,運動会はどこで開催されますか？,寺内小学校グラウンド,市役所,公民館,市立図書館,1
862fd2b4-5e36-471f-be6d-971a654ebf4f.jpg,訪日リピーターの国籍・地域別構成比で最も多い国・地域はどこですか？,韓国,香港,中国,台湾,4
0e003eda-ae70-4c3a-b6b9-8e545dfd6aa5.jpg,Which category has the smallest percentage in the pie chart?,NCY.LC,EIK.JE,ACC.UM,RPF.JV,3
fd44d0c4-43e0-467b-acec-0a2ed7979094.jpg,この図において、雨水はどのように処理されますか？,庭に吸収される,家の中で再利用される,雨水管を通じて公共ますに流れる,雨水管を通じて直接下水本管に流れる,3
492fe70e-fedc-4574-bb86-0120a4cdb9a4.jpg,What is the primary color scheme used in the flyer design?,"Black, White, Gray","Pink, Brown, Cyan","Green, Purple, Orange","Blue, Red, Yellow",4
1f267117-5a40-4728-b383-95d718d90dda.jpg,東京メトロのマナー啓発ポスター募集の応募締切日はいつですか？,2018年11月30日,2018年12月1日,2018年10月31日,2018年11月18日,4
0448823e-3260-43a7-9138-9cd3b013f698.jpg,What is the main headline on the newspaper being read?,Top 10 Travel Destinations,Breaking News: Major Event Unfolds,The coolest Newspaper Mockups of the year,New Technology Innovations,3
e6406116-76d8-4599-beed-d0f9b22455eb.jpg,画像の中で、損益通算が適用される所得の種類はどれですか？,利子所得,給与所得,一時所得,不動産所得,4
e9bd864d-7e5c-492f-98fa-86eda511ddad.jpg,What does the size of the bubbles in the chart likely represent?,Population size,Life expectancy,GDP per capita,Geographical area,1
6d3fa946-25d7-4f9b-adce-0aea5717cd52.jpg,What is the next step after 'Filtered DNA reads' in the ancestor line?,Read mapping,Genome assembly,Genome annotation,Variant calling,2
2bb96ccc-530b-4026-8632-62668ee1d090.jpg,この地図上で、A滑走路に最も近いターミナルはどれですか？,C滑走路,国内線第2ターミナル,国際線旅客ターミナル,国内線第1ターミナル,4
1867d2bd-f875-4f12-aac5-c211c520a3d3.jpg,この健康診断結果において、BMIの経年変化はどのように推移していますか？,前回より減少している,変化がない,前回より増加している,前々回より減少している,3
ed706bdc-470a-44dc-8844-0bb6d95b2a69.jpg,What is the version number of the corporate business flyer shown in the image?,V36,V38,V35,V37,1
fc66ebde-4c1b-4dd6-8815-b479316fe689.jpg,このワークフロー図において、最終承認者が電子契約書をどのように処理するかを示す矢印の色は何色ですか？,青,赤,緑,黒,3
7aa1583d-e6f6-4a1f-89d1-ea3366788221.jpg,Which highway connects Pittsburgh to Washington in the map?,Highway 70,Highway 79,Highway 19,Highway 376,2
d190384a-4db7-4d3b-b99a-ebe161394226.jpg,避難経路図において、酸素ガスのある部屋はどれですか？,302室,303室,311室,312室,2
87579c0f-2a88-4b5d-8f72-baa1f650c334.jpg,Which player has the highest score in the 'Assist' category?,Antonio,Francis,Whiteside,Brooklyn,4
1553a36e-4d73-4733-a23e-07cf01a8ba03.jpg,What is the main theme of the magazine cover?,Summer Styling Tips,Autumn Wardrobe Essentials,Spring Gardening Guide,Winter Fashion Trends,1
47c83b99-cfde-4b54-9159-d7fdf96aa3c2.jpg,このイベントで提供されるキッチンカーの名前はどれですか？,CREPE BOY,Berry's Pancake,Mullet,All of the above,4
c4416079-5931-469c-8e08-7f709df58877.jpg,このネットワーク図において、Webサーバーはどのサーバーと直接接続されていますか？,インターネット,アプリケーションサーバー,データベースサーバー,クライアントコンピュータ,2
e444a987-0bd1-4ad8-b787-ee576fc41575.jpg,Hauler's plusのグランドオープンは何時に始まりますか？,AM 11:00,AM 9:00,PM 12:00,AM 10:00,4
f0e240d7-2900-4633-86c5-6c8235b011f4.jpg,What is the main theme of the magazine cover?,Fashion Trends,Success Tips,Travel Destinations,Culinary Arts,2
c8668054-d459-4d7e-8f14-f8e26ebe3b20.jpg,このレーダーチャートで最も高く評価されているスキルはどれですか？,知識,技術,体力,運,2
142ab1e2-2ec0-4fb7-b000-a8da03e05f55.jpg,このビジネスモデルキャンバスにおいて、主要活動に含まれていないものはどれですか？,車両メンテナンス,マーケティング,駐車場の課金システム,運営ノウハウ蓄積,3
e6940610-9eec-4258-b95e-9cf2b25e5500.jpg,What is the total duration for the 'DEVELOPMENT' phase in the Gantt chart?,8 days,6 days,10 days,12 days,2
ba80f2b8-102d-48d8-96a1-c0e85c36a6c2.jpg,What is the primary purpose of the onion diagram shown in the image?,To depict the stages of product development,To illustrate the layers of a project management process,To show the distribution of resources in a company,To represent the hierarchy of stakeholders in a project,4
5b09fac2-539e-4a16-9602-517d7743348b.jpg,この座席表で、最も高価な座席の色は何色ですか？,青,黄色,緑,黒,2
68572a59-8525-4e44-ae62-f95ef28ed54a.jpg,フローチャートにおいて、注文が承認されるまでにかかる時間はどれくらいですか？,48秒,36秒,24秒,12秒,3
78584f5b-c8a3-4e2a-8dc6-011142de36de.jpg,What was the USD-PHP exchange rate in October 2018?,50,52,54,48,3
e9166f18-ce34-46ab-bf7e-afce20daf721.jpg,At what time is the Coroner’s Inquest scheduled in the P.A.R.T.Y Program agenda?,1335-1400,1415-1430,1230-1250,1255-1315,1
8d5e2a5f-3676-4970-b13b-2f5e5a85f1a5.jpg,What is the main feature article on the cover of this magazine?,"Introducing Cindy Crawford's Daughter, Kaia",Inside Austin Mahone's Private World,The Hottest Holiday Looks + Great Gift Ideas,"Insta-Glam: Your Best Skin, Hair & Makeup Ever",2
c24cebf3-c5aa-46db-b5eb-e51c77d134e4.jpg,タスク4はどの週に開始され、どの週に終了しますか？,Week 3に開始し、Week 6に終了,Week 4に開始し、Week 7に終了,Week 5に開始し、Week 8に終了,Week 2に開始し、Week 5に終了,1
a2f01dae-2109-427f-8c00-ea434d9d7c9e.jpg,この家系図で、雅美の配偶者の名前は何ですか？,誠太,雅之,麻貴,啓之,4
ee033634-ad02-41ac-b898-eab3cfc86419.jpg,Which section is located directly in front of the stage?,Grand Tier Left,Orchestra Left,Orchestra Right,Premium,4
21176e68-dfa1-4f1f-8afa-6e2a8bbc6213.jpg,グラフにおいて、算数の点数はどのデータポイントで示されていますか？,三角,四角,円,ダイヤモンド,2
7b18fa30-dfa1-44e0-bf57-683ea8934099.jpg,Who is responsible for overseeing the Wellness Program Manager according to the organizational chart?,Chief Operations Officer,Executive Director Student & Family Svcs.,Chief Human Resources Officer,Chief Financial Officer,2
74eb63f3-18df-4562-902d-ef52e9fed31b.jpg,Which tool does not support creating projects by clients?,Cloudwords,XTM,MemoQ,Plunet,2
11f5c4d3-6f92-4b6a-9a11-fcc01955fb4b.jpg,Who is the Convenor of Working Group 1 for ISO/IEC JTC 1/SC 42 Artificial Intelligence?,Marta Janczarski,Paul Cotton,None of the above,Tim McGarr,2
747724d0-aeac-4c2b-aa03-594c7b219b11.jpg,What is the next step after 'Subject review' if changes are required?,Approved,Return for changes,Draft submitted,Complete,2
59f03a7b-6551-4934-ac7d-46973e531966.jpg,In which month does the phase with the hourglass icon occur?,May,January,April,March,3
445c359c-bf9b-4fad-9e29-bb7f519bedf2.jpg,In which week does Task 5 start according to the Gantt chart?,Week #33,Week #32,Week #31,Week #34,1
46839fe7-7c2d-4be2-b9d4-884a02e226f1.jpg,In which month does the timeline feature a highlighted event with a different color scheme?,July,November,February,May,4
e4df9c2e-36f8-475c-be6f-925496600bdd.jpg,名目GDP成長率が最も高かった年はどれですか？,1973年,1960年,1989年,2000年,1
f457e34d-4576-406b-b1d4-4297cbd83154.jpg,2023年のランキングで、昨年の最終順位が3位だったキャラクターはどれですか？,ポチャッコ,シナモロール,ポムポムプリン,クロミ,4
d0f39168-71a2-4507-bbbb-73a6e63a0e0b.jpg,この雑誌の表紙に書かれている特集のタイトルは何ですか？,FASHION TIPS,HOW TO LOVE MYSELF,HEALTHY LIVING,BEAUTY SECRETS,2
d81796dd-3121-4255-833c-0659b8b27f47.jpg,What is the approximate total national health expenditure in constant 2021 dollars in 2020?,"$4,500 billion","$4,000 billion","$3,000 billion","$3,500 billion",4
015fc986-3cd5-4eee-9b00-75ff525e222e.jpg,この広告は何時にオープンすることを示していますか？,13:00,12:00,10:00,11:00,2
b57d7393-8462-40c0-9ef2-967d49bb4dcb.jpg,ニューロンのシナプスでの信号伝達はどのように表現されていますか？,信号はシナプスで重みづけされ、一方向へ伝播する,信号はシナプスで重みづけされ、双方向に伝播する,信号はシナプスで重みづけされず、双方向に伝播する,信号はシナプスで重みづけされず、一方向へ伝播する,1
06ff6478-47b6-4a79-81f4-96db8d4ac184.jpg,What is the main theme of the flyer?,Corporate Event Announcement,Job Recruitment,Corporate Flyer Design,Product Launch,3
c75183f9-ae43-4e37-8c22-298c4db3b5dd.jpg,このグラフで最も多くの人が満足している点はどれですか？,サイズが大きい,運転が楽しい・走行性能が高い,このモデルが好き,デザイン・サイズ感が好み,2
4a74d242-fae4-4cb9-b049-901d34846ad6.jpg,この画像で紹介されている東京都の取り組みは何ですか？,新しい交通システムの導入,環境保護活動,意見募集キャンペーン,観光地のプロモーション,3
1f742875-d4c5-4f09-aac6-c30d2623e792.jpg,この業務フロー図において、申請者が申請を差し戻された場合、次にどのステップに進む必要がありますか？,承認依頼中,業務終了後,一時保存・差戻し,第一承認,3
37e063d2-9bbc-4ef8-b050-c9f8db3ae0e9.jpg,Which complication has the largest percentage difference between Type 1 and Type 2 diabetes?,Eye Disease,Kidney Disease,Hypertension,Arterial Stiffness,4
f4dfa4c0-3a39-42af-8fd8-6ceef1f4c37d.jpg,このセミナーのテーマは何ですか？,マーケティング,経営戦略,人材育成,財務管理,2
69b3ac8b-4aa8-4642-9a7f-1671ee93f14f.jpg,どの部門が40代で最も多くの人数を持っていますか？,経理部,総務部,開発部,営業一部,2
8712efb3-0ff4-475f-9b96-31e60dc47ebd.jpg,What is the main theme of the Rolling Stone UK cover featuring Yungblud?,The Fashion Issue,The Travel Issue,The Awards Issue,The Technology Issue,3
ac480f65-fe70-43a9-9cbf-c6e6e9d07f46.jpg,"In Bohr's Atomic Model, what happens when an electron jumps from a higher energy orbital to a lower energy orbital?",The electron releases energy in the form of a photon.,The electron absorbs energy in the form of a photon.,The electron loses its charge.,The electron remains in the same energy state.,1
85fe6ab6-c99f-47e9-84ef-d9d06069ea52.jpg,この雑誌のタイトルは何ですか？,WATER,TEA,JUICE,SODA,4
0154a657-4306-49db-9537-42ecf349f6d7.jpg,12月の予定で、クリスマス会は何日に行われますか？,5日,25日,12日,23日,2
b45189df-4910-4106-9e0b-6455a0fe2d96.jpg,Which category has the highest average price according to the bubble chart?,Groceries,Mobiles & Tablets,Clothes,Home Furniture,2
b02ae79b-0195-4d44-9bc4-a21602ce883e.jpg,このグラフで、4月分のデータに該当する色はどれですか？,赤,灰色,オレンジ,青,3
d6fd75aa-08b2-4b43-8127-cc9ebd5beb17.jpg,この図において、スピンドルスティフナーの直径はどれですか？,φ6.0,φ4.2,φ7.6,φ12.4,2
8492d1c9-9a7a-4312-bc10-11fc9fdcb34c.jpg,What is the primary relationship depicted in the linear regression graph?,Height and Weight,Height and Income,Height and Age,Weight and Age,1
8821ecc6-78a3-4c20-b0fd-3631faf13cd3.jpg,What is the total length of the wall that separates the two bedrooms from the living room?,16 units,30 units,12 units,23 units,3
865c1a60-36c9-47c6-b39f-a69cf2034be0.jpg,What is the approximate growth in centimeters from month 2 to month 12?,50 centimeters,75 centimeters,25 centimeters,100 centimeters,2
9c89a196-96c0-40c4-b40f-516425170082.jpg,DX推進室に関連する委員会はどれですか？,衛生委員会,システム委員会,合理化委員会,品質管理委員会,2
fbbe99c9-3d43-45a5-bdd8-43588fd846cf.jpg,Which of the following is NOT listed as a key component of Customer Loyalty Programs in the image?,Define Clear Goals,Increase Prices,Address Complaints,Utilize Customer Data,2
17959852-fc71-46f0-a482-9694d3d49c6a.jpg,What is the main theme of the circle diagram shown in the image?,Circular Workflow Process,Project Management Stages,Financial Planning Steps,Marketing Strategies,1
2e2caeff-1397-479a-b5ac-661feb9486f5.jpg,What is the main theme highlighted on the cover of the magazine?,Bold Colors,Minimal Fresh Look,Vintage Style,Casual Wear,2
967af32d-d809-4de5-a1e5-bb43407e2489.jpg,What is the percentage difference between the largest segment in 2003 and the largest segment in 2004?,1.5%,4.5%,3.1%,2.6%,3
e762696f-d130-43c8-98e3-7cd2a16e1f65.jpg,Which program focuses on enhancing national security by modernizing defense systems?,Social Welfare,Healthcare,Education Reform,Defense,4
d6583d6d-1525-488d-9e95-3dfbd367c179.jpg,Which team won the semi-final match between Croatia and England?,Croatia,Belgium,England,France,1
3394bd1a-86c9-48d0-8b2d-1ff99acf2cf4.jpg,What is the purpose of Step 5 in the records management process?,To establish a classification list,To verify catalogs,To provide a file level description for folders with no new files added in the last 6 months,To create a new folder or bond with an existing folder,3
89aa3a55-7ff5-4373-9f63-e2081b66bdad.jpg,2022年の魅力度が最も高い都道府県はどこですか？,北海道,沖縄県,長野県,京都府,1
92b9ceff-e1a8-4060-9452-1eef87496ff3.jpg,このチラシで、Tシャツの価格が最も高いのはどれですか？,プリントTシャツ,レディースTシャツ,キッズTシャツ,ボーダーTシャツ,1
f1c5c7b4-7a9a-4498-b6c7-b110bcabfc61.jpg,What is the primary service offered by the company in the flyer?,SEO Optimization,Creative Design,Web Development,Digital Marketing,2
5f14b5e4-baa3-40be-a7a5-c74c70a6384a.jpg,第一営業部の予算達成率はどれですか？,58.88%,49.30%,58.86%,58.87%,3
ed5337ae-2793-4cca-a988-8714188f2b63.jpg,Which station on the Capitol Corridor Route Map is a transfer station and also has an airport connection?,Richmond (BART),Santa Clara-Great America,Oakland Coliseum (BART),San Jose-Diridon (CALTRAIN),3
d0553689-d5a7-4330-a270-f1415d70c431.jpg,Who is the CEO & President in the organization chart?,Ada Lovelace,Thomas Edison,Blaise Pascal,Isaac Newton,4
b63cc2dd-de45-4741-833b-465207643526.jpg,釧路孝仁会記念病院の最寄りのバス停はどれですか？,釧路駅,釧路孝仁会記念病院前,釧路公立大学,釧路西港,2
0dc961db-031a-4857-9848-e4d3beda6c80.jpg,What is the main topic discussed in the episode of 'Branding with Friends' featuring Meera Kothand?,Social media marketing strategies,Email marketing and its importance,Content creation for blogs,SEO optimization techniques,2
48ae64ab-e383-44e2-b98f-b0cf9d77a23a.jpg,What is the designated emergency gathering area for Zone 1?,Zone 1 EGA West Salaried Parking Lot,Zone 3 EGA Construction Services Parking Lot,Zone 2 EGA Across Road Fuel Tank Dock,Zone 4 EGA S.E. Salaried Parking Lot,1
f6623a69-31f5-4fc7-be8e-bacb9c06b531.jpg,Which competitor is participating in the 'Sword' event at 10:35?,Andrew Drummond,Jasmine Kue,Peter Guo,Jerome Kue,4
ee912922-c9dd-44e8-9cd6-adc5069f98a3.jpg,"Which station on the map is located at the intersection of the Central, Circle, and Hammersmith & City lines?",Paddington,Baker Street,Liverpool Street,King's Cross St. Pancras,3
98cb7533-134d-436e-9d45-6becb1dc9a83.jpg,What happens if the client decides not to approve the pitches?,The team leads decide if pitches are ready for the client again,The pitch is rejected,The team sends approved pitches to writers,The strategists write new pitches,1
852d5163-438c-4454-ba3b-a748b8e78ffa.jpg,Which movie is featured as a world exclusive on the magazine cover?,Dune 2,John Wick 4,Indy 5,Oppenheimer,4
dbcf7da5-a24d-4500-95c4-5af38a654113.jpg,Which of the following is NOT a primary activity in Porter's Value Chain Model?,Inbound Logistics,Technology Development,Marketing and Sales,Operations,2
34f3e352-a049-47fc-b996-f896524837ac.jpg,この雑誌の特集は何ですか？,永久メガヒットモノ,最新のiPhoneレビュー,ファッション特集,旅行ガイド,1
10622aaa-fc85-47e5-ba0a-0a64028090fa.jpg,"In the restaurant organization diagram, which class is directly associated with both 'Customer' and 'Restaurant'?",Person,Staff,Food Supplier,Cleaning Staff,2
9340bb58-500e-4d01-bc1f-7a95b4ded5a5.jpg,このシステム構成図において、ロードバランシンググループに含まれているサーバーの種類はどれですか？,物理情報とマッピング情報,マッピング情報と論理情報,WebサーバとAPサーバ,DBサーバとバッチ処理サーバ,3
42e11223-3663-4edb-835c-a5bdc6a60698.jpg,非常口案内図によると、部屋201から避難する際に最初に向かうべき方向はどれですか？,右,上,下,左,1
fe27184f-d78e-40eb-a510-ba5c7c13b59b.jpg,学生が持つ情報の中で、住所に関連するものはどれですか？,平均点,電話番号,電子メールアドレス,番地,4
0475fe77-3170-49f8-9541-54509ad97fad.jpg,この家系図において、'本人'の曾祖父母は何組いますか？,16組,8組,2組,4組,2
828f7d4c-ae9d-4399-945b-d2aa66daed35.jpg,"Which room is located next to the X-Ray, CT Scan, MRI area?",Room 104,Room 102,Room 103,Room 101,2
2f5794dd-1780-4fd6-bb03-9c7b410fe3fd.jpg,この散布図はどのような関係を示していますか？,身長と体重の逆相関,身長と体重の無相関,身長と体重の正の相関,身長と体重の負の相関,3
ee5b6768-f6e1-4751-8d6e-c036243cc534.jpg,この間取り図で、和室の広さはどれくらいですか？,4.5㎡,6.5㎡,8.6㎡,5.7㎡,3
96b4fb13-df5d-4c78-b797-c8c77dc05434.jpg,What is the advertised price of Grandmother's Bread in the image?,10 cents,12 cents,5 cents,7 cents,4
19de1236-e885-4618-8335-88e06d1b5bdd.jpg,このバブルチャートで、売上金額が最も高い飲料の種類はどれですか？,紅茶ドリンク,果汁飲料,天然果汁,コーラ,4
8fea4602-1353-4c46-8309-b8df057ee2c8.jpg,In which year did boys have the highest number compared to girls?,2001,2005,2013,2011,3
7b527616-7ad3-499b-9e7f-9d8ef126a048.jpg,What is the first step in the 'Primary Review' phase according to the workflow?,Validate with stakeholders,Swim lanes missing?,Add activities,Set next review date,2
c7485854-2d74-43bc-8d65-d96a78b19439.jpg,What is the date of the Willamette Valley Music Fest?,"May 7, 2011","May 15, 2011","June 5, 2011","April 10, 2011",1
499dc189-6c90-4b5a-9d08-6f728cd668b5.jpg,What is the main service advertised in the pet shop flyer?,Pet grooming,Pet food and sale,Pet adoption,Pet training,2
0526f625-53bf-4252-8f9c-7132d2c2989f.jpg,Which band is designated for 'CW & FSK only' with a maximum power of 200 watts output?,30 meters,40 meters,20 meters,10 meters,1
df96348b-725b-4370-8034-e157a9e7a885.jpg,この円グラフで、青色のセクションは全体の何分の1を占めていますか？,1/4,1/5,1/2,1/3,4
9bc8b8ac-9da3-4d3d-b413-b1743bd34f15.jpg,What is the discount offered on the first order?,10% Discount,75% Discount,25% Discount,50% Discount,4
175461f3-9ae4-4787-8c49-8da720bb54e4.jpg,Which marketing idea suggests using Google Maps for leaving helpful tips and information?,Offer Congratulations,Location-based social media,Provide a personal touch,Create video content,2
e98b838a-e6e9-4102-b1e2-00c9725b7f31.jpg,この画像の表紙に書かれている本のタイトルは何ですか？,未来への探求,理数探究基礎,ビジュアル理論,科学と数学の基礎,2
8cc7b291-c582-4cde-9347-c80645fc739a.jpg,Which division is located in room J on the second floor?,Property Tax Division (Shisanzei-ka),First Social Welfare Division (Seikatsu Fukushi Daiichi-ka),Tax Collection Division (Nozei-ka),Residence Tax Division (Shiminzei-ka),1
c13ef0bb-f923-40f9-96bc-95e279a0e6d1.jpg,ガントチャートにおいて、集客のタスクはどの色で表示されていますか？,オレンジ,ピンク,緑,黄色,1
2c17cb5c-c2bd-4012-9cd2-53420a97a1ae.jpg,10月の木曜日に行われる活動はどれですか？,整理整頓,リズム体操,ハロウィンビンゴ大会,アルファベット教室,1
c18eb8f2-0f06-420f-b775-6cf6689ec13c.jpg,Which of the following is NOT listed as a required pre-enrollment material?,Plan’s toll-free customer service telephone number and contact information,Enrollment instructions and forms,Detailed pricing of all available plans,Information on how to contact Medicare to obtain more information on benefits and services,3
a10dacdf-ca88-4697-a4ce-3a1e9234738b.jpg,What is the main theme of the magazine cover featuring the person in the image?,Travel destinations for 2023,The power and influence of a Latina superstar,A new movie release,Fashion trends for the season,2
d70537ce-5473-4b71-910f-4005e4854865.jpg,Which class in the diagram is responsible for managing student accommodation details?,Class room,Department,Auditorium,Hostel,4
3f2819b0-bc9f-4acd-9a0b-c92fe57850e8.jpg,Which organization predicted the highest GDP growth for 2021?,UN,World Bank,IMF,OECD,3
7df50bed-499f-42f9-b33b-8a187ad32689.jpg,ユーザーが持つことができるSNSアカウントの種類は何ですか？,YouTubeアカウントとPinterestアカウント,TwitterアカウントとFacebookアカウント,InstagramアカウントとLinkedInアカウント,SnapchatアカウントとTikTokアカウント,2
90968e23-1cd2-4607-8ae0-0fdb7f86c1f0.jpg,What is the main theme of the article in 'The Marunouchi Times'?,A new technology conference,The launch of a Japanese hot spring in Marunouchi,The introduction of a new transportation system,The opening of a new shopping mall,2
65646362-2eeb-4cd3-85bd-b953e8966666.jpg,全体のランキングで、フィギュアスケート選手は何位にランクインしていますか？,1位,3位,5位,7位,1
3f5134fc-5fc0-45e8-bd73-12ea991f940a.jpg,60歳代の座位時間が長いほど、どのような健康指標が上昇する傾向にありますか？,どちらも変化しない,収縮期血圧と中性脂肪,収縮期血圧のみ,中性脂肪のみ,2
aa3f1783-357b-4242-b8d2-dd243eec7e1b.jpg,What is the final step in the manual workflow for collecting permission slips?,Create permission slip in Word,Administration files it in storage,Teacher gives it to administration,Parents sign the slip,2
0818ca85-6101-497a-9d27-aec25ad745c2.jpg,画像の中で、データベースを表す記号はどれですか？,システム/データベース記号,結合記号,手作業記号,論理和記号,1
7b1565a5-1b7b-4b43-a7f6-d591c8329c00.jpg,クロスSWOT分析において、強みを最大化するための戦略はどれですか？,段階的対策,積極的攻勢,差別化戦略,専守防衛,2
c10e69f0-8ed2-41b3-a3c2-1551b8c74c17.jpg,Which section is located directly in front of the stage?,Section 106,Section 101,Section 1,Section 109,3
3791b1a1-94c9-46a9-8b95-3ba715e88084.jpg,売上個数が最も多いのは誰ですか？,前田,森田,竹本,佐藤,3
a4f91df5-a0f1-47c5-84db-2a2d12b6afa2.jpg,What happens after too many incorrect login attempts?,Credentials Entered,Retry Login,Locked Out,Successful Login,3
182603b4-2fd5-405f-ab89-b40556baa3be.jpg,レーダーチャートにおいて、40代の人々が最も重視している項目はどれですか？,口コミ,サービス,デザイン,価格,3
9bab292a-69ae-4b1d-b1cb-921f4f7cfeeb.jpg,運動会のスローガンは何ですか？,勝利を目指して頑張ろう,友達と協力して競技に参加しよう,全力で心を一つに団結し、安全に取り組む運動会にしよう,みんなで楽しく運動しよう,3
d61ac566-775c-4e6d-b47a-99cef17f4797.jpg,What is the next step if the GP Service finds issues during the Ground Disturbance Analysis?,Additional Permits Required,Perform Admin Review of Request,Assign a Rec Number,Email: Failed Preliminary Assessment,1
f19bc22f-246e-46c1-886f-07e1a217e81d.jpg,What is the main purpose of the section labeled '5' in the explanatory writing structure?,Provide additional details,Introduce a new topic,Tie it all together and restate subtopics,Present a counterargument,3
46c24ded-48f4-47cb-9b9f-548636d40ee6.jpg,Which phase has the longest duration in the timeline?,Phase 2,Phase 5,Phase 3,Phase 1,3
4b37f869-043e-454a-8162-211e63b4781b.jpg,この雑誌の特集テーマは何ですか？,春のスポーツウェア,秋のビジネスカジュアル,夏のカジュアルスタイル,冬のフォーマルファッション,3
1264d337-44b6-48e0-b9aa-402ab5db08b5.jpg,この雑誌の特別付録として紹介されているアニメは何ですか？,進撃の巨人,SPY×FAMILY,鬼滅の刃,ワンピース,2
f4395453-457f-4c17-9ab7-e8e52965ff14.jpg,Which category is represented by the largest angle in the pie chart?,Orange (72°),Red (18°),Blue (108°),Yellow (29°),3
39696691-40c5-4f8a-ad5f-6ce094eb9e52.jpg,In which sprint does the 'electronics' swim lane have the most tasks?,Sprint 1.2,Sprint 1.5,Sprint 1.4,Sprint 1.3,4
847e5f5a-5962-49b2-b6b7-842395f285ba.jpg,理想的な健康経営の結果として、どのような効果が期待されますか？,離職率の上昇,企業収益の減少,保険費の負担増加,高いパフォーマンス,4
af1e802f-0d04-4079-9e2e-96f1466d8516.jpg,What is the total area of the first floor as indicated in the floor plan?,120 M²,217 M²,83 M²,76 M²,3
568c1d6c-5917-411b-9495-b47f6d888ed0.jpg,Which department is directly under the Secretary in the organizational chart?,Auditing,Reception,Marketing,Finance,2
9b4041af-acd6-44cf-8d72-eab479c74a01.jpg,Which city is located directly north of Stoke-on-Trent on the map?,Chester,Macclesfield,Liverpool,Manchester,2
79cb3147-6573-4417-a3a4-11c3a884a04d.jpg,1回戦で対戦するのは誰と誰ですか？,呉雷庵と茂吉・ロビンソン,因幡良と十鬼蛇王馬,アダム・ダッドリーと今井コスモ,河野智男と阿古谷清秋,3
a321e584-9a44-400e-9ad1-a7dca1127774.jpg,1Fの地図で、放射線受付はどの番号で示されていますか？,12,10,14,16,3
e9a6d383-af60-40a3-b7f7-883e4e94cf1e.jpg,この図面において、赤い線で示されているのは何の配管ですか？,ガス配管,排水配管,給水配管,電気配線,3
dfa37e6c-0e66-4886-9388-96e7b4d2eba8.jpg,On which date does Task #3 start according to the Gantt chart?,3 Feb,4 Feb,29 Jan,1 Feb,4
67e1518e-70e2-4297-8288-115cedba88ad.jpg,What is the main theme highlighted on the cover of Vogue Man Arabia?,Cultural heritage and identity,Fitness and health tips,Fashion trends for winter,Technology in fashion,1
67fe16ac-d107-4e84-b8c3-4d7e8c3ec651.jpg,"In the family tree, how many great-grandparents are shown?",Four,Eight,Ten,Six,2
ec7cd4e3-093f-46d3-a0cf-c18442a3885d.jpg,Which product does Client c1 consume the most compared to Client c2?,Beer,Coffee,Cheese,Chicken,4
1585bac9-4afb-4c6f-b7a4-ffbf7e45caf5.jpg,What is the main feature article on the cover of this Men's Journal issue?,The NASA Workout,The Secret Mission That Defeated the Taliban,Alaska's First Dude: Hardcore Snowmobiling with Todd Palin,Matthew McConaughey: Tales from the Wandering Life,4
68d6e96a-68f5-4862-a2a4-9067a7a32ccf.jpg,What is the main theme of the document based on the text and images?,Travel and tourism,Culinary arts and cooking,Real estate development,Financial planning and investment,4
70edf52d-1c82-4ee2-ba16-4e0d05cf95f9.jpg,"In the process flow, what happens if the payment is not successful?",The order is canceled and a refund is processed.,The order is shipped immediately.,The order is invoiced.,The order is stored for future processing.,1
235ba37e-1a2e-4756-aec7-a49e859e8a36.jpg,Which category has the largest proportion of 'z' in the horizontal bar chart?,d,c,a,b,2
a74d832d-eccd-467b-876e-0ee7847f1c16.jpg,このピラミッドの最上位に位置する要素は何ですか？,目的,価値,行動,ミッション,2
84513577-a1df-421e-acd9-ea9d0a9ebb71.jpg,Which unit is part of the Special Operations Division?,PORT Team,Fleet,Professional Standards Unit,Victim Services Unit,1
43250eb7-6725-445c-85b5-06f56afdd9ca.jpg,What is the purpose of the room labeled 'RUMPUS' on the first floor plan?,A guest bedroom,A storage area,A recreational or playroom,A home office,3
4ee1e922-2fa0-4469-ade8-7e8bb83524fb.jpg,2010年から2018年の間で、名目GDPが最も高かった年はどれですか？,2017年,2014年,2010年,2018年,4
e661f3ac-3d7f-42fc-b14d-327b3009933a.jpg,この画像に記載されているビジネスモデルの例として挙げられている企業はどれですか？,Amazon Go,SHOWROOM,サイゼリヤ,タイムバンク,1
701aa85c-3d61-4988-b657-6552b7c9f337.jpg,Which frequency range is associated with the 'sizzle' of cymbals?,10k-20k Hz,2k-4k Hz,5k-6k Hz,7.5k-10k Hz,4
dea932af-79b6-415e-b423-c1c372e2e40b.jpg,Which age group shows the most significant increase in population from 1900 to 2000?,>64,15-24,<5,35-44,1
6ded839d-eb0a-4715-90c2-fef0b9bda9b4.jpg,2010年の実収入における非消費支出の割合はどれですか？,0.185,0.187,0.174,0.176,3
d8ba02e1-4218-4043-8cb9-70173c0e64c5.jpg,Who is responsible for the Office of Sponsored Programs according to the organizational chart?,Patricia Gardner,Debra Sokolowski,Carolyn Yousef,Roderick Waterman,4
32f2817b-4d6f-44cd-89cc-0a0fe7ba49b7.jpg,Which genre has the largest number of seasons available according to the bubble chart?,Sci-fi,Comedy,Action,Drama,4
3dafee9a-1e6f-4e5b-b460-5c36397a9e95.jpg,What is the nearest train station to HERS Inc. according to the map?,Kaminoge Station,Tamagawa Station,Futakotamagawa Station,Todoroki Station,1
d6067560-8752-4d11-833f-a58988f67601.jpg,この地図に示されている新潟市の区の中で、中央区の南に位置する区はどれですか？,江南区,東区,北区,西区,1
f604f364-6501-40af-8c89-63f66d625461.jpg,1階のキッチンの隣にある部屋は何ですか？,バスルーム,ダイニングルーム,リビングルーム,和室,4
b15636a1-7f48-4f90-877f-5bd40ba0b337.jpg,ポジショニングマップにおいて、最も高価で上級者向けの位置にあるのはどの会社ですか？,C社,当社,B社,A社,2
a805f26a-9201-4878-975d-3e515184ea4b.jpg,40代男性で3位にランクインしている雑誌はどれですか？,DIME,GetNavi,デジモノステーション,月刊グッズプレス,1
b5487b00-4d6b-455b-8cf2-f1043261c7d2.jpg,この図において、データベースにデータが保存された後、次に行われるプロセスは何ですか？,データの転送,データのバックアップ,データの整理,データの削除,3
e5f9f705-3993-4255-b4a9-84cd76af0788.jpg,このテレビ番組表で、午後7時に放送される番組はどれですか？,BS朝日 7時のニュース,BSフジ ドラマシリーズ,BSジャパン 映画特集,NHK BS1 スポーツ特集,4
5d996e5d-1c15-43b2-b0c0-a650920dcead.jpg,OODAループのステップの中で、最初に行うべきことは何ですか？,実行,仮説構築,意思決定,観察,4
7dd1f91a-af33-483d-a6b3-c74a845cb3f0.jpg,この間取り図において、リビング・ダイニング・キッチン（L-D-K）の広さはどれですか？,5.1帖,2.5帖,6.6帖,28.3帖,4
d89d6297-f8e7-42db-b12e-25a07abbb11d.jpg,表に基づいて、最も販売数量が多い種類はどれですか？,B,D,E,A,3
7672a2d9-ab74-436c-b8d6-e220aecd77d8.jpg,Which function is responsible for sending a credential reminder in the Account Management system?,changeEmailAddress(),validateInformation(),sendCredentialReminder(),sendEmailOption(),3
09f9968a-9371-4f6e-8260-d2ddc23aaf94.jpg,Which phase of the HS2 network connects Manchester Piccadilly to Crewe?,HS2 Phase 2b Crewe-Manchester,HS2 Phase One,HS2 East,HS2 Phase 2a,1
52c96980-ae77-4045-bb07-67f30300270f.jpg,Who is the manager of the team that includes Maxwell Clerk and Ada Lovelace?,Nikola Tesla,Johan Kepler,Alfred Nobel,Max Planck,2
2c6a6f7c-2624-45a2-8388-fb0dfcf499a1.jpg,地図上で、学習院女子大学の最寄りの交差点はどれですか？,西武新宿線交差点,馬場口交差点,BIG BOX前交差点,穴八幡宮前交差点,4
89807e50-8968-4bf8-a242-b99257fae597.jpg,この図面の縮尺は何ですか？,1/100,1/200,1/50,1/150,4
c90df58e-0abc-4a18-9ed9-4a1b63213510.jpg,この家系図において、'本人'の孫の配偶者はどのように表されていますか？,兄弟・姉妹,子,配偶者,ひ孫,3
56b49f33-4c13-4335-9483-5980cc16be8d.jpg,作業手順書において、フランジハルダーの取り外しに関する注意点はどれですか？,高ライナーコードの挿入忘れに注意する,12V/24Vの切り替えを確認する,工具の種類を確認する,部品番号を確認する,1
e49ad819-c986-47f7-b82d-ce9d0b21faf3.jpg,この地図で、九州縦貫自動車道の有料区間はどの色で示されていますか？,青色,紫色,緑色,赤色,1
3b7b865e-420b-435a-a851-c527a74e5b54.jpg,What type of relationship is depicted between 'main.exe' and the other files in the diagram?,Association,Aggregation,Composition,Inheritance,1
122687c8-c94b-4b2e-b0dc-464bedfa9971.jpg,Which year is associated with the icon of a computer screen with a magnifying glass?,2011,2005,2015,2009,3
42809fe4-0493-4786-af38-6ea77c87509d.jpg,What is the main function of the action button mentioned in the image?,To delete the Pyramid object,To export the Pyramid as an image,To rotate the Pyramid object,To choose the Pyramid's appearance,4
778df2f0-40a9-4747-93cd-ab97266e7a8c.jpg,What is the designated fire assembly point according to the evacuation plan?,Front Entrance,Main Hall,Gymnasium,Rear Playing Field,4
994bfc46-f10d-42cc-97fd-16fa068ea39b.jpg,Which activity is associated with having a strong presence of distribution centers?,Outbound Logistics,Inbound Logistics,Marketing Sales,Operations,1
c20bb99b-d29f-467e-8a87-3e70301d6fc6.jpg,このオープンハウスの開催日はいつですか？,5月14日,5月15日,5月12日,5月13日,4
af436fef-fae7-496a-8f14-c64a8890ac55.jpg,1階の地図で、ATMが設置されている場所はどこですか？,南口2,東口3,南口1,東口2,4
d7add623-30dd-42f1-adc3-60bb0957cd75.jpg,グラフにおいて、売上高の合計はどのくらいですか？,120,140,100,160,4
b4566856-155b-4c81-ae9f-c630976b24b0.jpg,What is the main theme of the letter from Matt Taylor?,The impact of running on physical health,The importance of routine in running,The benefits of running for different professions,The challenges of virtual races,2
7ce911cb-e818-4693-8143-b1302cb69a4b.jpg,Which class is responsible for updating movie records and what is the relationship between this class and the Movie class?,"Book Ticket class, with a 1 to 1 relationship","Registered User class, with a 1 to many relationship","Admin class, with a 1 to many relationship","Visitor class, with a 1 to 1 relationship",3
60489eab-d3b7-4c8a-8146-88d232326c47.jpg,Which pair of variables has the highest correlation according to the scatterplot matrix?,Weight and Gas Tank Size,Displacement and Horsepower,Weight and Turning Circle,Weight and Horsepower,4
57a5aeeb-c9c0-4702-874d-37a459a94504.jpg,Which fruit has the highest percentage in the survey?,Banana,Orange,Apple,Mango,1
275f47d4-e1bf-4940-8102-040be027e805.jpg,この画像に登場するキャラクターは何を持っていますか？,本,顕微鏡,コンパス,定規,1
b5f3c023-a057-4205-a102-54a5f5c3d19e.jpg,What is the subtitle of the movie depicted in the poster?,Fast and Furious: The Final Ride,Fast and 10 Furious,Fast and Furious: Legacy,Fast and Furious X,2
01efff99-d104-4c9d-88f3-ffb2e81ee7b0.jpg,学習ピラミッドによると、最も高い平均記憶率を持つ学習方法はどれですか？,他人に教えた経験,体験を通した学習,講義,読む,1
74fdc9e4-bbd4-4a32-a5a3-a030f869727a.jpg,このポスターはどの都市の観光キャンペーンを宣伝していますか？,東京,京都,別府,大阪,3
d2768e32-e97e-416b-adf9-dcb09ad10d1e.jpg,この広告はどの企業のものですか？,ソニー,キャノン,富士フイルム,パナソニック,3
b30cc998-b1cb-4066-b4f4-adc786a9f92f.jpg,What is the main theme depicted in the collection of posters?,Technological advancement,Environmental awareness,Historical events,Inclusivity and kindness,4
92103ee6-6e8c-4a14-afab-57ef5ea972f5.jpg,What is the total width of the house as shown in the floor plan?,19 feet 9 inches,11 feet 9 inches,40 feet 6 inches,30 feet 6 inches,3
c6b62754-7786-4e77-8c84-2c8188d8bdda.jpg,What is the icon associated with section 03 in the infographic?,Person,Piggy bank,Light bulb,Hand with dollar,4
6c4c81f2-db85-45dc-b4ce-ff24e2ab34f2.jpg,What is the main theme of the newsletter based on the image?,Culinary Arts,Travel and Leisure,Health and Wellness,Financial Analysis,4
54346a32-15aa-4f11-8ddf-da96a2362f0b.jpg,What does the intersection point of the supply and demand curves represent in this graph?,Price ceiling,Excess demand,Market equilibrium,Excess supply,3
6d53103b-1f83-450b-acc9-d341f9ec7e00.jpg,グラフに示されているNO3-濃度の変化は、経過時間に対してどのような傾向を示していますか？,時間とともに増加している,一定の濃度を保っている,時間とともに減少している,ランダムに変動している,1
749e8fdf-c22f-445f-9024-ed6e1da13c65.jpg,What is the total amount spent on Ice cream and Toffees combined?,12,6,8,10,3
0d177e75-bb50-43a5-9096-0ddc0db7d299.jpg,この画像の表紙に書かれている本のタイトルは何ですか？,科学の未来,人間と自然,科学と人間生活,日常の科学,3
f4aaa62d-1de4-43e8-9ef0-0072936778ca.jpg,サプライチェーンの流れで、製造業者の次に来るのはどれですか？,原材料,小売業者,サプライヤー,ディストリビューター,4
1ab46078-13a9-4f99-91f0-97193266ecbe.jpg,What is the prize mentioned in the Nescafé advertisement?,A trip to a coffee plantation,A year's supply of Nescafé,$300 Takashimaya gift vouchers,A new coffee machine,3
1ac88c18-84f6-4afb-9248-3290df3e81ca.jpg,What is the approximate difference in total national health expenditures between 1970 and 2020 in constant 2020 dollars?,"$2,000 billion","$4,000 billion","$1,000 billion","$3,000 billion",4
80494402-5f4f-48e9-862d-09f645e9b045.jpg,Who directly reports to the VP of Product Management?,Senior Product Analyst,Head of UX,Associate UX Researcher,Business Analyst,4
9cf09129-990c-4812-8881-2586adfd6f15.jpg,イジングモデルにおいて、スピンの状態を変化させる要因は何ですか？,隣接するスピン間の相互作用と外部から与えられた磁場,時間の経過,温度の変化,スピンの数,1
177e0ddc-fa49-4132-aa9b-feb3242470cc.jpg,11月11日と12日に特別割引が適用される商品は何ですか？,パン,野菜と果物,魚介類,乳製品,2
a7c56b1e-c997-4fde-8265-9f30c9e99ef8.jpg,Who has the highest performance according to the chart?,Dick,Tom,Jim,Harry,3
511c3965-d370-451f-8cd4-81e428bbe1bb.jpg,What is required to redeem the free bottle of Coca-Cola according to the advertisement?,Bring a friend to the store,Present a receipt from a previous purchase,Cut out and sign the advertisement,Purchase another product,3
1b8c9190-3975-4629-93eb-342c8422c5b5.jpg,この図における『Enterprise Service Bus』の役割は何ですか？,データベースの管理,ユーザーインターフェースの提供,異なるシステム間の通信を仲介する,プロセスエンジンの制御,3
309021c5-7d0c-4812-8ea6-63f89ac4da60.jpg,このフローチャートにおいて、ループ構造が示されている部分はどれですか？,終了,条件分岐,プロセス,開始,3
120c25aa-b082-42eb-9c3c-201a72f37da1.jpg,この広告で提供されているサービスは何ですか？,レストラン,デイサービス,ホテル,フィットネスジム,2
209ae8da-0684-47c7-bc39-2c769035b8f3.jpg,この間取り図において、キッチンの隣にある部屋はどれですか？,オフィス,洗濯室,LD,浴室,3
df8f8e1f-c066-49d4-a509-33d369d1ff7d.jpg,What is the main theme of the Fashion Weekly issue shown in the image?,Classic Styles,Opulent Lips,Forward Thinking,Summer Fashion,3
e6ced429-fbd1-4461-b649-01cf9a8826f6.jpg,ファッションECのビジネスモデルにおいて、顧客がECサイトに対して行うアクションは何ですか？,データを分析する,原料を提供する,注文と支払いを行う,商品を製造する,3
babf05ae-dafc-49d9-ae33-6782af21b7c5.jpg,この間取り図において、LDKの広さはどれくらいですか？,24.0畳,18.5畳,19.8畳,21.3畳,4
b77cbafa-9132-4912-817b-442b3e3b8750.jpg,この画像に書かれている卒業生の年は何年ですか？,2021年,2019年,2020年,2022年,3
3e84c283-3e0f-45c6-ae59-af0902dfde39.jpg,What position is Mickle David running for in the election?,Senator of New York,Burlin City USA Council,Mayor of Berlin,Governor of California,2
0907f7b7-1c42-46b7-a207-adcda5dde4c1.jpg,Which scatter plot corresponds to a correlation coefficient of 0.00?,Top right plot,Bottom middle plot,Top left plot,Bottom left plot,2
40737200-291e-4eaa-826c-3a865821e7b1.jpg,In which year was the version of SleekSneakers with a more breathable mesh upper first released?,2001,2022,2018,2008,4
c67e08b0-88bb-4d18-9610-838dbe7f10fe.jpg,このグラフにおいて、日本の経済成長率が最も高かった年はいつですか？,1988年,1968年,1973年,1960年,2
bc730d8e-bfdb-4b96-a838-473f3b677f9d.jpg,2019年に最も売上が高かったカテゴリはどれですか？,家具,事務用品,家電,すべて同じ,3
a1ade32a-e5ed-441d-a2d9-c3a54b92983b.jpg,MIKUNI CORPORATIONの企業理念は何ですか？,持続可能な開発,顧客第一主義,革新と成長,善の循環,4
0467c6ca-f368-4279-9843-796762354835.jpg,この画像に登場するキャラクターは何の動物ですか？,キリン,カバ,ライオン,ゾウ,2
d003e1be-abef-477a-afa2-bb9b43cd81be.jpg,この図において、非常口はどこにありますか？,トイレの隣,ウェイティングルームの隣,エレベーターの隣,1組の部屋の前,3
a610b208-9b95-4895-bf4b-05e5a22effdf.jpg,ベネックス長崎ブリックホールの2階にあるリハーサル室の近くにある設備はどれですか？,消火器,ギャラリー,トイレ,エレベーター,3
b1ef80ad-bd89-4d22-9d2e-cf28e0fdf724.jpg,『営業統括本部』の下にある部署はどれですか？,営業・工事管理部,工事部,総務部,安全環境部,1
2f7b371c-f060-44c5-8567-d85a4a8dff26.jpg,Which group contributed the most to the world GDP growth in 2010 according to the chart?,Other emerging markets,BRICs,None of the above,Rich countries,2
6d79007d-28e3-46b1-82c1-fdd0a628e2e2.jpg,Which pie flavor is logged by the smallest percentage of members according to the image?,Key Lime,Coconut Cream,Blueberry,Peach,3
1b10ddcc-f5c9-40e7-9229-d39a5ded7f1e.jpg,Which region had the highest attendance at MIDEM 2011?,"Europe (exc. UK, France & Germany)",France,Asia,North America,1
4feb48ef-0dfa-4aba-b475-b09566f59667.jpg,この地図で、C館に隣接している施設はどれですか？,心臓リハビリ室,売店,栄養相談室,ER受付,2
46966d89-9b7c-465c-b518-166a6519678b.jpg,このランキングで、前回と同じ順位を維持している人物は誰ですか？,堂本剛,木村拓哉,近藤真彦,中居正広,3
d1ef66fa-a9ec-48a3-b161-74bb499f0ab1.jpg,What is the total number of bedrooms in the floor plan?,8,4,6,10,1
7ef6a082-adbf-4926-8956-b4154ca5dcf4.jpg,Which feature is marked as 'New in 2007' for the 'Social Networking Webpart'?,Office Forms Server 2007,SharePoint Portal Server,Office SharePoint Server 2007,Windows SharePoint Services 3.0,3
58b96857-a87d-4bed-b423-f1955f8b54a8.jpg,Which student has the highest score in 'sport'?,Max,Xue,George,Alice,2
0d902355-3781-4c2e-bcb2-bc2b2739f00e.jpg,What is the primary difference between a workflow and a process as described in the image?,Workflows are more complex than processes.,"Processes are only used in manufacturing, while workflows are used in all industries.",Workflows require more technology than processes.,"Processes are a sequence of activities ordered logically to achieve a goal, while workflows focus on the flow of information.",4
9dc33b5c-25d6-4dbd-881b-e5b793d44805.jpg,この地図に示されている交通手段は何ですか？,タクシー,自転車,バス,地下鉄,3
40674fab-2f9f-457d-a4bc-707244e1c21b.jpg,このフロアマップで、音楽室1の隣にある部屋はどれですか？,音楽室2,ホール1,楽器庫1,楽器庫2,3
5049ecc3-0b6b-4f02-983e-ddee7178f679.jpg,Which individual has the highest 'Loyalty' score?,Sindela,VanessaSt,Phoebe E,Neroli.,3
cd900b3a-60eb-4533-a1a2-a3df50a44c1c.jpg,What is the estimated driving time from Brisbane QLD to the destination shown on the map?,1 hour 25 minutes,1 hour 45 minutes,1 hour 35 minutes,1 hour 15 minutes,1
9c7d4bfb-19dc-4035-a5e1-286aecbe0921.jpg,Which color represents the least popular elements in the periodic table shown in the image?,Yellow,Blue,Red,Green,4
1e132739-dd85-4de7-b883-00e41222af8b.jpg,図において、血液が心臓から肺に向かう経路はどれですか？,7から8,1から2,3から4,5から6,2
86bcde51-0a24-4971-b43a-26e68d49b867.jpg,What is the next step after determining a loan is risky?,Update Servicing System,Generate Approval Letter,Send Investor Email,Manager Approval,3
d92b206b-91ff-4a50-a39d-d7b2e37fc2e3.jpg,このワークフローシステムにおいて、最終決定者の役職は何ですか？,承認者（課長）,最終決定者（社長）,申請者,承認者（部長）,2
3a30d74f-5ade-4c2e-93b7-d11ec2016b46.jpg,ネットワーク構成図において、NAS KURO-BOXはどのデバイスに直接接続されていますか？,ギガビットスイッチングハブ CH-SW08GT,スイッチングハブ FX08M,VDSLモデム VH-100E,プリンタサーバ ETX-PS1/U,1
91b32283-93b3-4080-9057-346c90a0fbe1.jpg,開発部門に所属する担当者は誰ですか？,営業担当A,経理担当,採用担当,エンジニアA,4
f037e134-8ead-4293-ae6a-c0948598e82c.jpg,この画像によると、GiFFTが提供するサービスの一つは何ですか？,無料のWi-Fi設置,IT業界の最新ニュースの提供,リモートワーク用の家具販売,システム・アプリ開発支援,4
e7e505f6-5579-4bd2-b02e-bc77f129f53e.jpg,このポスターで宣伝されている新しいシングルのタイトルは何ですか？,MAGIC,SMILY,HAPPY,LIVE,2
e6ac61f0-6a70-4447-b44c-332bf277e7d8.jpg,What is a key theme explored in the second season of 'Medium' as mentioned in the article?,Allison's relationship with her family,A focus on international crime cases,The introduction of new psychic abilities,The development of a romantic subplot,1
b40c01c9-ba6e-4ffe-9b40-e13ac80cc7b5.jpg,What does the black line in the survival function graph represent?,S(t) 95% lower bound,S(t+0),H-W 95 Lower Band,H-W 95 Upper Band,2
a2541d9c-0407-4d20-a323-9a878a01631a.jpg,"In the UML sequence diagram, which action is performed by the Technical Support Engineer after receiving a new ticket notification?",Close ticket,Get user information,Send an auto-reply,Answer the question,4
a45b031e-e55e-45da-9960-05b68682546b.jpg,この座席表で、リングの北側にある座席の色は何色ですか？,青,緑,黄色,赤,2
83ce675b-1d0f-4c43-8d86-a38e2d26a0fc.jpg,地図上で、犬山ICから最も近い観光スポットはどれですか？,犬山城,リトルワールド,明治村,モンキーパーク,1
a26f28d7-ae04-4a73-8c25-600a0665cda6.jpg,"In the System Configuration Framework, which component is responsible for triggering the build process?",Deployer,Version Control System,Continuous Integration System,Config-Client,2
864e7e70-3ad3-4b64-9d98-8ffa4464bafa.jpg,中央労働委員会の下にある部門はどれですか？,事務局,調整第一課,地方事務所,総務課,1
4e23cc7a-d3d9-47cc-8d6d-044d16cf38fa.jpg,この避難経路図において、非常口の記号はどれですか？,トイレ,非常口,消火栓,消火器,2
d0d476b8-7cd1-436c-b2c6-dfc32cfc14ad.jpg,"If the total number of children in all batches is 500, how many more children are needed in Batch 5 to make the number of children in each batch equal?",20,30,40,10,2
958ba736-c50c-42ab-83c9-f2e091233f1b.jpg,この画像に表示されている申請書の中で、2014年11月11日に作成されたものはどれですか？,E219在庫確認依頼書,E222進捗報告書,E220事務引継書,E221新商品計画書,2
96739d7e-be07-44ff-b910-02ca7f73b164.jpg,会議はどこで開催されますか？,東京ドーム,主婦会館プラザエフ 9階 スズラン,名古屋国際会議場,大阪城ホール,2
31b6c546-c720-41ae-8f49-4fb8cff86484.jpg,このシフト表で、森聖也さんの勤務時間は何時間ですか？,4.5時間,5.5時間,3時間,6時間,1
aaa92f44-1455-463c-ab95-3323505cb908.jpg,この広告のメッセージは何ですか？,ムダ毛を気にしないことの重要性,健康的な生活習慣の提案,特定の製品の宣伝,特定のファッションスタイルの推奨,1
9e90f7ed-2a98-4faa-81dd-e68aa8d0a922.jpg,この画像で説明されているフランジの特徴は何ですか？,フランジが溶接されている,フランジが自由に回転できる,フランジが取り外し可能,フランジが固定されている,2
8c83fff3-4b38-4a9f-897d-bf722f974b46.jpg,2015年度のJR東日本の売上高はどれですか？,28671億円,29501億円,26718億円,30020億円,1
8c3eedd2-7787-4570-9ade-7b92e7c74ad5.jpg,このグラフにおいて、2004年から2007年にかけて最も一貫して上昇している指数はどれですか？,生産指数,予測指数,出荷指数,在庫率,3
c44c334e-f46e-4865-a17f-4b17ee5df7a8.jpg,Which participant sold the highest number of units?,Chloe,Sophia,Grace,Daniel,2
d17be517-6ce3-4ddb-8644-0443f3c36216.jpg,"Based on the population pyramids, which country is likely experiencing an aging population with a potential decline in workforce?",Brazil,Kenya,United States,Germany,4
e050143e-ac88-4e6d-8553-94549862e369.jpg,What is the primary service offered by the company featured in the image?,Cloud Storage Solutions,Online Payment Processing,Digital Signature Services,Web Hosting Services,3
104410d4-fe28-4fed-be72-a21db4c8b770.jpg,Which store is located on the lower level near the entrance from I-95?,JCPenney,Borders,Macy's,Sears,2
e889d72e-061f-41cb-8347-f7e53b9c5ce6.jpg,このダッシュボードにおいて、3月の原価集計結果で最も多い費用項目はどれですか？,労務費,その他の経費,外注費,材料費,4
3bb35aa1-d93f-491d-b2e2-8c69e53a1d64.jpg,この図において、支援活動に含まれないものはどれですか？,技術開発,製造,全般管理（インフラストラクチャー）,人事・労務管理,2
79514e1e-6af8-4eef-9261-206eea213c8c.jpg,"In the system architectural diagram, which component directly connects to both the Internet and the Control Server?",Point of Sale - 1,Admin Console,Web Server,Firewall,3
1f8b2622-4ba0-4d01-a3a1-57962b004177.jpg,この間取り図において、リビングダイニングキッチン（LDK）の隣にある部屋はどれですか？,洋室,玄関,ファミリークローゼット,浴室,3
6c9a486c-eafe-4c30-bce9-13ba3c11ce77.jpg,What type of architectural drawings are depicted in the image?,Landscape designs,Structural details,Plumbing layouts,Electrical schematics,2
a4b52d9e-2965-4f7a-bb40-c09e23e56537.jpg,What does the scatter plot primarily illustrate?,A positive correlation between two variables,A cyclical pattern between two variables,A negative correlation between two variables,No correlation between two variables,1
c4d3cf26-57db-4ae3-9cc4-ac3eb97df043.jpg,業務フローにおいて、発注内容確認で不備があった場合、次に行われるステップは何ですか？,申込受領,発注,発注システムに入力,差し戻し,4
4a5acf40-7d05-4eae-ba24-8b80ddb5d05f.jpg,このクラス図において、インターフェース『車』が提供する機能はどれですか？,アナウンスする,走る,音楽を鳴らす,荷物を積む操作,2
065a05f1-9f88-4d94-a288-856dc5f9972d.jpg,What is the main theme of the October 2021 issue of Elle Decoration?,Minimalist Design,Eco-Friendly Homes,Vintage Revival,The New Look,4
951b8405-09e5-4d77-9cc2-10a6ad351422.jpg,Which step focuses on aligning the incentive program with company values?,Step 05: Align with company values,Step 09: Evaluate progress,Step 07: Make it fair,Step 03: Set specific and measurable objectives,1
960c8c7b-4319-42aa-9440-212a6d2ef91b.jpg,織田信長の父親は誰ですか？,織田信定,織田信広,織田信秀,織田信忠,3
f91e7d33-11ab-4be8-a1d8-e3854ab646ce.jpg,板橋グリーンホールの座席表で、北側の列のうち、最も多くの座席がある列はどれですか？,1列目,4列目,3列目,2列目,4
8d5b91b9-806a-4fc1-bf05-cad327bef312.jpg,常議員会に含まれる人数は何名ですか？,33名,6名,100名,7名,1
27c0810b-9a97-4840-a1db-d02cf5a6028a.jpg,Who is responsible for the 'Conversion' task in the Project Team?,Mary Long,Alicia Brown,Jonathan Tayor,Dan Alexander,1
7859a5fe-8a77-428d-930a-7442e7ac0b45.jpg,ログインフローにおいて、入力内容が正しくない場合、どのステップに進みますか？,ログインフォーム初期表示,エラー,ホーム,メールアドレスとパスワードを入力,2
9b2eb36a-ccad-4553-947a-9d7896e20311.jpg,What is the shortest walking route to the Suntec Convention Center from an MRT station?,Via Tower 4,Via Tower 1,CC4 Exit C: 15 mins walk,CC3 Exit A: 7 mins walk,4
9562ef12-7f8d-49f1-812b-77ba024e167a.jpg,この図において、製品が顧客に届くまでのプロセスで、どの要素が最初に関与しますか？,価値提案,パートナー,顧客との関係,チャネル,2
96d802ef-305d-48ad-bc64-b80d53c0c72b.jpg,What is the hierarchical level directly below the CEO in the organizational chart?,Team Leaders,Department Heads,Board of Directors,Interns,2
9fff969a-dc0c-414a-9e8a-5a55788d20c0.jpg,このグラフのタイトルは何ですか？,食料売上,日用品売上,グラフ タイトル,飲料売上,3
d4f1a83e-1d9b-481d-bbb0-7a82a13b2505.jpg,藤原道長の子孫で、冷泉家に関連する人物は誰ですか？,基経,基平,基実,基房,2
ce1bfb89-d614-4f8c-a2ca-34a708e0c8c7.jpg,Hi-PerBT KIT3（販売・生産）システムで行われる業務はどれですか？,実際原価計算,受注（EDI含む）,給与・賞与処理,基本会計,2
fe1b51fd-09d6-453d-8105-034d1b9ac694.jpg,60〜69歳の人が最も多く経験した生涯学習の分野はどれですか？,趣味・娯楽,教養を高めるもの,健康・スポーツ,ボランティア活動,3
a3400e44-e807-4cdd-9bd4-15034b8ce3e4.jpg,この画像で宣伝されている営業時間は何時からですか？,13:00,12:00,11:00,10:00,2
6689de94-817e-4ebe-9c37-bc1cbd8437a2.jpg,このピラミッドの中で、最もリスクが高いとされる投資はどれですか？,セキュリティ投資,不動産、債券先物,信頼、資産運用管理,3〜6か月の現在の保証金,2
8b039a2a-506d-481d-98a5-8b914efba048.jpg,"この散布図において、売上が約1,000,000円のときの利益の範囲はどれですか？","約0円から100,000円","約300,000円から400,000円","約200,000円から300,000円","約100,000円から200,000円",3
3950a2be-d9c3-4704-b9d1-7a6d0cfd3c30.jpg,このポスターで紹介されている健康ポータルサイトの名前は何ですか？,Health Boost,Fit Life,Pep Up,Wellness Hub,3
0716a136-5c7c-466a-b391-3d425b34b179.jpg,What is the primary function of the device labeled 'AUDIO INTERFACE' in the image?,To measure sound levels in the chamber,To generate audio frequencies,To connect the microphone to the tablet,To amplify the sound from the speaker,3
d361cb20-3a7a-4cea-8f3e-da53d3045888.jpg,SOGIは何を含む概念ですか？,性的指向と性自認,文化的背景,LGBTのみ,性別のみ,1
cfe5a915-948d-40fe-a0e8-5d9ab9ad00e2.jpg,Which room number is designated for Pediatric Day Surgery on the second floor?,Room 47,Room 45,Room 43,Room 39,3
d5cf75cb-61c8-425d-b749-571f117910ff.jpg,NHKで放送される番組のタイトルは何ですか？,ディズニー・ソフィア,プレミアム『深夜のミストワールド』,ドラゴンボールZ,美少女戦士セーラームーン,2
91adb887-8e25-484e-bae6-9acde25d9550.jpg,Which product category shows the highest sales increase from January to July?,Tablets,Desktop,Laptop,Mobiles,4
9af25efe-6da0-4642-8b8b-601279e3690b.jpg,子どもの体感温度は大人より何度高く感じるとされていますか？,3度,4度,2度,1度,3
e597b533-7920-4fdc-a5d9-7c8a01e0af15.jpg,2009年に最も大きなバブルサイズを持つエネルギー源はどれですか？,原子力,石炭,石油,LNG,1
e80d43ee-f8b9-4575-9d3e-e86e025286f3.jpg,このグラフにおいて、県内総生産に占める割合の変化が最も大きい業種はどれですか？,製造業,不動産業,サービス業,建設業,4
6cdd944a-ac38-4415-978d-375656c12b76.jpg,"In the sequence diagram, what action does the 'Customer' perform after the 'Home Page' displays?","validateLogin(UserID, AccessID)",clickLogin(),enter User ID and AccessID,clickOK(),3
a3d6ab43-88d6-4f1a-84e9-0e648bb73035.jpg,What was the approximate export value of principal commodities in India in 1975-76?,10 billion rupees,12 billion rupees,14 billion rupees,8 billion rupees,2
2e097f39-b432-4803-9548-e191af543203.jpg,画像のガントチャートで、進行中のタスクの開始日はいつですか？,2020/03/29,2020/03/18,2020/03/09,2020/03/02,3
848a8535-922d-4a62-b6f0-2e04cd7fd28d.jpg,Which club had the most consistent increase in points from 2014 to 2019?,Nomads,Top Pub,Footloose,Kinver Con Club,4
e23adf9e-d510-4ba8-8114-41c8d4da2f45.jpg,Which train route connects Montreal and New York?,Crescent,Adirondack,Palmetto,Silver Meteor,2
8b1dfe2b-c8cd-4e6c-9c04-9b62aa8651b0.jpg,What is the primary purpose of a phylogenetic tree as depicted in the image?,To categorize species based on size,To illustrate genetic mutations over time,To display geographical distribution of species,To show evolutionary relationships among species,4
6ae81fa5-d762-438b-9237-57cbe986615d.jpg,What is the correct sequence of actions to take in case of a fire emergency according to the RACE acronym?,"Rescue, Alarm, Contain, Evacuate","Alarm, Rescue, Evacuate, Contain","Contain, Evacuate, Rescue, Alarm","Evacuate, Contain, Alarm, Rescue",1
0fc21b30-8e95-4d45-8304-1f615bb771fd.jpg,What is the main purpose of the diagram shown in the image?,To show a timeline of events,To display a pie chart of data,To compare different categories,To illustrate a 6-step process,4
a748ea5b-8dcf-47eb-9806-6400b815a98a.jpg,ガントチャートで『新機能の実装をする』タスクの担当者は誰ですか？,プログラマー,デザイナー,ディレクター,マーケター,1
1fec6c10-c9b4-46a1-bc5b-2b32ed72a3a1.jpg,このイベントはどこで開催されますか？,大阪駅,千葉駅ペリエホール,名古屋駅,東京駅,2
593057c5-2d08-4564-a11b-01e2ee7206f6.jpg,In which year did the male population have the highest percentage of gambling at a casino in the past 12 months?,2011,Neither year had any data,2010,Both years had the same percentage,1
af18eaa8-05ea-4600-8d72-d635af241695.jpg,What is the primary direction of the wind flow indicated in the image?,Northeast,Southwest,Southeast,North,2
7efc3a9b-4c51-442b-8891-39bed84c3cbc.jpg,What is the ticket price for the Neon Party?,$18,$20,$30,$24,4
fd6d3d90-4e0b-4284-832f-890c3a6123da.jpg,小規模施設において、旧体系に比べて新体系はメリットが多く、今後も事業運営上プラスであると考える割合は何%ですか？,20.5%,31.0%,37.6%,21.4%,3
720d985b-bb18-4c5a-a44b-124b3bcdb11d.jpg,この図において、冷却パッドの役割は何ですか？,空気を冷却する,空気を乾燥させる,空気を加熱する,空気を浄化する,1
ff0d89da-408a-4ab4-afd9-14ca1154990a.jpg,On which day is the temperature change from the previous day the greatest?,Monday to Tuesday,Wednesday to Thursday,Friday to Saturday,Tuesday to Wednesday,2
635f5af6-e6a5-4238-9fbb-1343d9c77c7e.jpg,この画像において、全3段の広告サイズの寸法はどれですか？,254mm x 172mm,254mm x 102mm,254mm x 137mm,62mm x 32mm,2
25d671fc-2fac-4f45-a222-5adbbebf14b7.jpg,Which class is responsible for checking the availability of library materials?,User,LibMaterial,Text,LoanService,4
693d3c15-4f63-484e-a178-01caa73d3e5f.jpg,このバブルチャートで、最も多くのバブルが存在するX軸の範囲はどれですか？,〜30,〜20,〜40,〜50,1
ae905d46-505f-4b8f-902a-aae88b282741.jpg,What is the primary purpose of using a scatter diagram as described in the image?,To investigate the possible relationship between two variables related to the same event.,To determine the exact values of data points.,To calculate the average of a dataset.,To create a visual representation of categorical data.,1
47502b49-d849-41b5-9120-ff406697cac8.jpg,平成24年度の黒字計はどれですか？,"4,460億円","3,013億円","5,268億円","4,319億円",3
e6d09f59-87dd-4081-b5b4-270dd69510c2.jpg,What is the main call to action on this flyer?,Follow us on social media,Visit our website,Join our newsletter,Call us now,4
79fee6ca-6f13-4f75-874f-3aa7b698a6b4.jpg,What is the diameter of the largest circle in the technical drawing?,Ø80,Ø60,Ø114,Ø40,3
26a3418a-63b0-40ea-afef-cd4398b7f984.jpg,What is the total duration in days for the tasks starting on 5/13/2020?,7 days,9 days,8 days,10 days,3
bb653991-4155-4904-a399-3421e02eb804.jpg,この雑誌の特集は何ですか？,冬のスキンケア,秋のトレンドメイク,夏のビーチファッション,春のガーデニング,2
74fe8f3e-2503-43b7-8b52-5608db57cf0d.jpg,"In the diagram, which component is responsible for executing both the teacher's solution and the student's response?",Scorer,Authoring Tool,Correction Database,Moodle,1
ab78da44-5dd1-4e04-8547-07dd5136f3dd.jpg,このグラフにおいて、KATO-第3中期のトルクが最大になる回転数はおおよそいくつですか？,"10,000 rpm","5,000 rpm","20,000 rpm","15,000 rpm",1
61a3710d-b050-46d2-9b57-3209164688bc.jpg,この組織図において、経営会議の下に直接属している部門はどれですか？,事務サービス部,監査役会,経営管理部,ローン営業部,4
534397cd-f638-481b-9cea-c54bca76aae3.jpg,Which section has the most Ruby seating?,Section C,Section A,Section B,Section D,4
799fc149-15d3-49ff-a2c9-b223c8dbb627.jpg,このイベントの開催日はいつですか？,2021年11月13日から14日,2021年11月8日から19日,2021年11月15日から19日,2021年11月19日から12月2日,1
5202ab36-a10d-46eb-afdf-3b93a831e429.jpg,この広告で提供されているサービスは何ですか？,ノーベル平和賞の受賞支援,ウェブサイトのデザイン,パンフレットやフライヤーの作成,犬の訓練,3
9a1289ba-3a39-4f61-b497-52810076e133.jpg,Which package in the UML diagram is directly associated with both 'Work Products' and 'Work Units'?,Business Processing,User Interface,Utility,Data,4
e9c90a4b-346d-49c8-bb31-cc35f1257648.jpg,この間取り図において、部屋 'ルーム1' はどの部屋と隣接していますか？,玄関,バルコニー,キッチン,ルーム2,4
ee1598e8-ba85-495e-a10f-a028519941a8.jpg,1階のリビング・ダイニング・キッチン（L.D.K）の広さはどれくらいですか？,12.0帖,20.0帖,18.0帖,15.0帖,3
00c8630c-1c71-4e9c-a719-8895fbb54220.jpg,19時に放送される番組はどれですか？,AbemaPrime,MTV HITS PLAYLIST #23,アリーメちゃんねる,AbemaNews／スーパーJチャンネル,4
be478c19-989b-4aa9-ad2e-da75a7d1d9e1.jpg,この画像で示されているネジの特徴の一つは何ですか？,ネジの材質,ネジの長さ,ネジのピッチ,ネジの色,3
367d3e6c-7851-4e23-bd1b-59d75921ffa5.jpg,What is the slogan written at the bottom of the Coca-Cola poster?,Taste the Feeling,Thirst Asks Nothing More,Open Happiness,Enjoy the Refreshment,2
8332aad8-dc7a-44e6-98ad-b10e15d5e873.jpg,What is the main theme of the magazine cover?,Stylish summer getaways,Grooming guide for men,Overcoming personal challenges,Beach fashion tips,1
639bda75-4c22-474f-8f49-ad34885bd054.jpg,この資料によると、COMPANYの特徴として正しいものはどれですか？,広告投資が増加している,単なる資料作成にとどまらない,ロイヤルユーザー数が多い,リピート率が低い,2
f81ccf7e-3c3e-4121-9676-24eaa24805bf.jpg,2階の間取り図において、ウォークインクローゼットはどの部屋に隣接していますか？,書斎,洋室,和室,主寝室,4
419bd93b-55c3-40a9-8dd6-4c44419c9d8c.jpg,What is the main visual difference between a pamphlet and a brochure as shown in the image?,"The brochure is printed in black and white, while the pamphlet is in color.",The pamphlet has more pages than the brochure.,The pamphlet is larger in size than the brochure.,"The brochure features a car image, while the pamphlet shows food.",4
05b43cd1-2754-40fe-b67a-ce8e1b56e62f.jpg,Which river access point is located closest to Weaverville on the map?,Junction City Campground and River Access,Sky Ranch River Access,Steel Bridge Campground and River Access,Evans Bar River Access,1
2577399f-904c-41d7-9695-43dd29fdc943.jpg,"In the diagram, which component is responsible for routing phone services?",City Services,Mail Server,Phone Service Routing,Web Proxy,3
3f06e01e-5429-4493-a474-392750a1c1bb.jpg,What is the total potential revenue from a new plant with strong demand?,$7M,$22M,$9M,$15M,2
f1aea76e-bebd-44f9-9c4a-fa3a765353af.jpg,Which type has the largest bubble size in the chart?,"New Product with X=9, Y=10","New Product with X=8, Y=8","New Product with X=10, Y=0","Optimization with X=1, Y=9",2
7594ddff-cf1b-404a-ad53-8e11ce22b58a.jpg,What does the red line in the scatter plot represent?,The line of best fit (regression line),The mode of the data points,The mean of the data points,The median of the data points,1
95b1a9bf-ec88-41cb-8921-1dc82ee17fe7.jpg,What is the date of the Springfield Ward Christmas Dinner & Program 2017?,"14th December, 2017","16th December, 2017","12th December, 2017","18th December, 2017",1
a9f212a6-e8a4-4fab-8c29-a4866186d99a.jpg,Which entity is responsible for creating a Transaction in the given diagram?,BankAccount,BillPayAccount,UserAccount,Administrator,1
dfd37a16-49aa-43c7-91bc-626c460d5479.jpg,2019年5月の『サンデー工業株式会社』の売上はどれですか？,"30,040","241,166","49,972","115,047",2
bf12305a-9b5d-460b-8cf4-82f32f9545d7.jpg,この地図で、総合案内はどこにありますか？,リハビリテーション科の隣,正面玄関の近く,駐車場管理事務所の隣,感染診察室の近く,2
6a68319c-b70d-4d08-ba54-8d85b3e906df.jpg,この図において、ガスケットを挟み込むために使用される部品はどれですか？,配管,フランジを締め付けるナット,ガスケットを挟み込むフランジ,フランジを締め付けるボルト,3
d9746b9a-51f9-4f45-a2c4-40cd6d33b8fb.jpg,この貸借対照表における流動負債の合計金額はいくらですか？,"151,518,371円","250,270,647円","151,046,289円","302,564,660円",3
a95975c1-99bb-47d9-bdfb-4e591434b10e.jpg,2020年の水素商材市場の規模は何億円ですか？,191億円,197億円,208億円,183億円,2
8e21d7ed-c0e0-4be3-a8fb-13185e01de60.jpg,左の円グラフで最も割合が大きいスポーツは何ですか？,テニス,水泳,野球,サッカー,4
341a4ebb-09ef-4ab5-ab62-d369b523a8d1.jpg,問題点2で、承認者が不在の場合、どのくらいの期間手続きが遅れる可能性がありますか？,7営業日,3営業日,1営業日,5営業日,4
42b7624a-2bd6-43fe-b9a2-0902132950f8.jpg,Which task is scheduled to start in May and end in July?,Sales Campaigns,Content Marketing,Advertising,Social Media,4
9b2ac848-871a-4d1a-9dbd-8751fe8b6127.jpg,この雑誌の特集1は何についてですか？,シニアのための住まい選び,超上級国民と1億総貧民,新・資産防衛術,仮想通貨の敗戦,2
2d022659-29a0-4a1e-96d2-b71c71ca9183.jpg,What is a primary cause of the high levels of solid waste dumped into the river?,High incidence of waterborne diseases,Riverine ecosystem under serious threat,Polluters are not controlled,Most households and factories discharge wastewater directly into the river,3
ecf024a2-663e-4cad-9167-8775e7342ec7.jpg,このチラシで、夏のレジャーアイテムの割引率はどれですか？,2割引,4割引,3割引,5割引,2
4580e1b0-c34c-4174-b8fc-5eb93543c9d2.jpg,Which organization is associated with the 'Knowledge Guide Series' in the image?,African Union,Trade Forward Southern Africa,International Monetary Fund,World Trade Organization,2
49025862-28e2-48b1-a4a4-e1eb4ec3b869.jpg,以下の項目の中で、割合が最も高いものはどれですか？,b-a,a-a,e-a,c-a,2
bde26b4c-1c0e-4d37-880c-6db86b36a520.jpg,この画像に示されている2つのプログラムの主な違いは何ですか？,高級言語は機械語に直接変換されるが、低級言語はされない。,高級言語はコンパイラを必要としないが、低級言語は必要とする。,高級言語は人間が理解しやすく、低級言語は機械が理解しやすい。,高級言語は低速で、低級言語は高速である。,3
660143f9-b922-4198-8c9c-65068dc4e960.jpg,2階にある『高齢介護課』はどの番号ですか？,21,20,22,23,3
3e592f06-4579-4ac1-87e9-2c1b452f614a.jpg,What is the color of the segment labeled '05' in the 12 segments circle diagram?,Blue,Yellow,Green,Red,1
3da27d8a-4d6f-4ddb-8d89-2554cf5a7664.jpg,Which task has the longest duration in the Gantt chart?,University Registration Open,Final Year End Assessment,Ethan on Vacation,Greg on Vacation,1
fb5e8786-ce2a-4245-a6eb-680b81266c86.jpg,この家系図で、裕樹と優花の関係は何ですか？,夫婦,親子,いとこ,兄妹,4
27e64a2b-83b9-44d3-a33d-d44a31d5b570.jpg,Which date shows the highest value for area_itemA?,2011/09/02,2011/09/08,2011/09/04,2011/09/10,2
aad4cd52-feeb-48ed-a5e2-ac9543e07942.jpg,3年生の生徒が最も多く訪れた場所はどこですか？,植物園,お弁当・おやつ,動物園,アスレチック公園,4
7db1a69f-48c6-47b5-af56-41fdd472e7b4.jpg,What is the main headline on the magazine cover?,Inside the Mind of the Married Man,Is King Kong a Raging Queen?,The Sexual Playground,Matthew McConaughey: The Sexiest Man Alive Lives in a Trailer Park,4
acd2f3bb-523d-4617-a9a1-c3a1b30ccad4.jpg,What is the primary focus of the flight routes shown in the image?,Flights connecting South America and Africa,Flights connecting Asia and Australia,Flights connecting North America and Europe,Flights connecting Africa and the Middle East,3
7e6fdbd5-c3b6-4465-bfd1-71bec7ab05df.jpg,このイベントはどこで開催されますか？,八重洲会議室,丸の内会議室,新宿会議室,渋谷会議室,1
a28c62af-02a5-4555-a906-7dd9406019fb.jpg,"In the radar chart, which category shows the greatest increase in vulnerability from 2006Q4 to 2014Q4?",Home mortgages,Consumer credit,Nonbank leverage,Equity markets,3
2e0e11e3-a936-4a94-92f7-c64f944c5106.jpg,Who manages both Claudia and Teddy?,Morgan,Estelle,Lorna,Richard,3
2d05534c-96bc-4251-87e3-eb52a2b4330b.jpg,このグラフで、目盛線が表示されているのはどの要素ですか？,軸,グラフタイトル,データラベル,軸ラベル,1
9e6af06a-db52-4bde-83fd-e6ce791158bc.jpg,Which author has published the most literary works according to the chart?,Gore Vidal,Virginia Woolf,Ray Bradbury,W.S. Burroughs,3
4eb969f2-7501-4de4-9e1c-44d77ce9ac0a.jpg,このグラフにおけるCPIと原油価格の相関係数はどれですか？,0.75,0.95,0.89,0.60,3
262eaf44-cc05-4474-8f51-509647b4c9e4.jpg,このプロセスにおいて、最終承認者の役割は何ですか？,データの保管,申請フォームの作成,データの分析,最終的な承認,4
336ac7dd-19dc-48d6-ac15-5f4b12f8c2d1.jpg,What is the total value represented by the tallest stacked bar in the chart?,600,700,500,400,1
e3a39f04-24aa-4d57-9b8f-882c2ae59818.jpg,Who is the principal/contact for Eagle Valley IB School?,Mike LaMart,Leslie Edlund,Jessica Gentilini,Bud West,3
e110a831-3149-43f2-a306-57fa936cf0bd.jpg,このシステムで通信圧縮と通信暗号化を行うのはどのコンポーネントですか？,サーバー,Oracle,Windows系端末,ハンディターミナル,1
b3fa53ff-4dbe-4766-b9c7-709f5560f2cf.jpg,グラフで最も人気のあるペットはどれですか？,とり,ねこ,うさぎ,いぬ,2
e464daab-904d-4b5d-a4e5-a393d031fc35.jpg,2000年から2017年の間で、アメリカのドルの増加率が最も高かった年はどれですか？,2008年,2010年,2003年,2017年,4
78d895d8-7de4-48b1-abac-8a90961d8657.jpg,Who is responsible for overseeing both the Art Director and the Director of Technology?,Brentt McQuall,Jeff Jackson,Jeffrey Buson,Susan Parkins,1
de7af432-3009-4a8e-bddc-9b328654e96b.jpg,What is the date for the completion of the design phase in the project timeline?,01/07/2021,01/05/2021,21/07/2021,10/07/2021,1
c32782bf-0e50-4058-a610-8b19b1d6b215.jpg,"According to the image, which attribute do males value the least?",Ambitious,Attractive,Intelligent,Sincere,1
ad96a59a-f907-4c13-aca1-b5ef34f73c2d.jpg,What is the date of the club party mentioned in the flyer?,June 28th,June 26th,June 25th,June 27th,4
021e10fb-0656-4add-8d47-3e4edae4c11a.jpg,この地図で、JR東京駅からバスターミナル東京八重洲までの道順で、最初に通る通りの名前は何ですか？,八重洲通り,あおぎり通り,外堀通り,グラントウキョウサウスタワー通り,3
a0640f00-8905-4692-a392-8d624e6964d0.jpg,この雑誌の発行月は何月ですか？,10月,8月,9月,11月,1
ac1d8af8-7617-42bb-87ce-a26e40e67546.jpg,1985年から2018年にかけて、最も大きくパフォーマンスが低下したグループはどれですか？,中学2年生男子,小学5年生女子,小学5年生男子,中学2年生女子,3
e6ba9d07-d0d9-4626-9c73-c3aa312b2b7a.jpg,What feature is highlighted about the Diana shoes in the advertisement?,They are made from recycled materials.,They come in a variety of bright colors.,They are waterproof.,They have a concealed pocket for enlarged joints.,4
7fa6b9cb-63d0-4f19-81a3-31572ae6cca5.jpg,"If a student scores 31 correct answers, what is their band score?",7.5,8,6.5,7,4
c7a20435-1876-46d1-b31c-8b231ab1d13d.jpg,この間取り図において、最も広い部屋はどれですか？,LDK,寝室,フリースペース,浴室,1
38f193e6-4e87-472e-a2d1-eb019f6cfcec.jpg,この生産計画表で、松山工場のワンピースの裁断作業はどの週に行われますか？,第38週,第36週,第39週,第37週,4
03154091-8a46-4f0d-b884-e62fea0095ca.jpg,Which activity in Task 2 is scheduled to end on March 28?,Activity 3,None of the above,Activity 2,Activity 1,1
d9453f85-d713-46da-a105-7c32aab9493f.jpg,中小企業向けのソリューションとして挙げられていないものはどれですか？,X-point Cloud,SmartDB,ジョブカンワークフロー,ジンジャーワークフロー,2
322e6362-f929-4866-abab-dd60e1c43967.jpg,Which session focuses on maximizing worldwide and institutional resources to efficiently serve international students?,Cross-Cultural Lessons for Developing Global Citizens,"Internationalizing a Student Affairs Career: Involvement, Opportunities, & Access for Graduate Students and Young Professionals",Navigating Professional Relationships by Supporting Cross-Cultural Differences,It Takes a Global Village: Maximizing Worldwide and Institutional Resources to Efficiently Serve International Students,4
bff559a2-6da0-46ce-9c65-b1c5bbb9e54a.jpg,Which of the following is NOT a primary activity in the value chain depicted in the image?,Marketing & Sales,Operations,Human Resource Management,Inbound Logistics,3
e573d0e1-8034-42e4-b780-5793eb8f11f5.jpg,2021年卒の就活全体の流れにおいて、サマーインターンはどの月に開始されますか？,6月,8月,5月,7月,4
d7a2956e-e93f-4c44-b9c5-15f96477bdd7.jpg,"In the organizational chart, who directly reports to the Manager (Production)?",Sales Officer (B),Salespersons,CEO,Foreman (Fabrication) and Foreman (Assembly),4
ede4f108-ea49-4b82-9b98-a0843ae17799.jpg,この図面における建築地の面積はどれですか？,309.50㎡,45.32㎡,124.82㎡,79.50㎡,1
e0127f40-49df-4558-9f64-20e481e7ca40.jpg,Which sport has the second highest popularity according to the chart?,Lacrosse,Surfing,Baseball,Soccer,3
6aa8bd9e-d243-4831-a0b4-60e0fe1463fc.jpg,このポスターに描かれているキャラクターは何を着ていますか？,緑のジャケット,黄色のシャツ,赤い服,青いドレス,3
e74e6757-9f4a-4a14-ab5b-2a97638ca622.jpg,Which class in the diagram has a method that is not shared with any other class?,Fish,Zebra,Duck,Animal,2
ae3f6733-13be-447c-881f-b8e2ebd54a73.jpg,2006年に発売された任天堂の製品は何ですか？,ニンテンドー64,Wii,3DS,ゲームボーイ,2
6437377e-bd7c-4463-9b16-b1ec7e5c6f47.jpg,健康状態を良好に保つために推奨されている1日の歩数と速歩の時間はどれですか？,"1日5,000歩、そのうち7.5分の速歩","1日10,000歩、そのうち30分の速歩","1日6,000歩、そのうち10分の速歩","1日8,000歩、そのうち20分の速歩",4
869e0ec1-683f-499c-b1bf-7f4ffb77c6eb.jpg,What is a necessary direction for improving the estimation of external forces in disaster scenarios?,System for secondary use of received information,System for sharing information,More advanced and faster estimation calculation,System for comprehensive management and smooth release of information,3
4def2736-ccc1-4a85-aa7a-29a100b2302d.jpg,このGoogleトレンドのグラフは、どのキーワードの人気度を示していますか？,テレワーク,リモートワーク,在宅勤務,オンライン会議,1
e94b86f8-02ba-44c9-bb99-22742881f674.jpg,Which strategy has the highest total amount for Product C?,Strategy 2,Strategy 1,Strategy 4,Strategy 3,4
98955d60-04d4-47fc-970c-fc638df1d7c2.jpg,相談受付時間はいつですか？,月曜日から金曜日、第2土曜日、祝日を除く,月曜日から金曜日、祝日を除く,土曜日と日曜日、祝日を除く,毎日、祝日を除く,1
3fbbaed5-df8a-4a7c-9e3f-2cacb86fcf51.jpg,What is the size of the upper living area in the first floor plan?,150x190,360x380,385x360,450x350,4
7613fabd-ed22-4618-95bc-a9e7b03e86aa.jpg,1階のLDKの広さはどれくらいですか？,16.9帖,6.2帖,8.5帖,5.9帖,1
37680197-d3a1-43d7-8e3d-1806ac6feb91.jpg,内覧会は何時から何時まで開催されますか？,11:00～16:00,9:00～14:00,12:00～17:00,10:00～15:00,4
6af32541-e3ec-412a-a760-bcdeb40459f7.jpg,Which type of UML diagram is primarily used to represent the dynamic behavior of a system?,Component Diagram,Class Diagram,Deployment Diagram,Sequence Diagram,4
4353c3b5-f5b5-443c-9905-76be0d91373e.jpg,来期予想配当利回りが最も高い会社はどれですか？,商船三井,日本郵船,川崎汽船,コスモエネルギー,3
2b6336e8-b230-4f74-ae9e-bff36d9638b7.jpg,Which type of protected area is specifically used for breeding wild animals in captivity for protection and conservation purposes?,Wildlife Sanctuary,Zoological Park,Botanical Garden,National Park,2
80153b06-35ea-4d5d-bbe5-320c6b572dfd.jpg,What percentage of adults with both physical and mental health conditions reported delaying or forgoing multiple types of care?,56.3%,27.5%,43.8%,26.4%,3
3315c674-56b2-489c-b7a7-47a4c6a0a2da.jpg,この地図で、赤色で示されているのは何ですか？,一般道路,鉄道,高速道路,バス路線,1
53e095c2-9301-45e4-8561-a92540b841ef.jpg,このネットワーク図において、HUB-XXXX01に接続されているデバイスはどれですか？,プリンター PT-X00P,△△部デスクトップPC CL-BD00X,ファイルサーバ FSV-001,∞部デスクトップPC CL-AD00X,4
136688ac-8896-48ed-ac04-9012db18544a.jpg,What is the postal code of the Smithsonian National Museum of American History as shown in the image?,20565,20001,20560,20005,3
d05e3e7d-d50e-43b7-a7fc-4f51e7bd2895.jpg,この新聞記事で紹介されているキャンプ地はどこですか？,鹿児島市,宮崎市,小林市,福岡市,3
a9a2f1b6-d7ed-4995-8a76-d0b01fdea7e1.jpg,夏祭りは何時から何時まで開催されますか？,14時～18時,12時～16時,16時～20時,15時～19時,1
e5213ef5-b66b-473c-afe4-753e963ba1ed.jpg,レベル3の高齢者等避難の際に確認すべき気象情報はどれですか？,泥流警戒情報,大雨注意報・洪水注意報,土砂災害警戒情報,暴風警報,1
cb72e57d-dfb7-48c9-93cb-925917217e63.jpg,Which type of correlation is depicted by a scatter plot where the data points form a downward trend?,No correlation,Inverse correlation,Negative correlation,Positive correlation,3
c18dce06-591a-480a-b1e6-b40ddefc4bfa.jpg,サザエさんの夫の名前は何ですか？,カツオ,マスオ,波平,タラオ,2
41ee9b47-817b-464a-8654-124cbce79c7e.jpg,1947年の日本の年齢別人口で、最も多い年齢層はどれですか？,0～4歳,5～9歳,10～14歳,15～19歳,1
2087402f-d69a-4b04-ba29-bb26669decfb.jpg,このタイムラインで、台風の3日前に行うべき行動はどれですか？,避難所の確認,水の確保,家族との連絡方法の確認,非常食の準備,4
1eb8886b-b59d-4ea9-99f6-f27056243fd0.jpg,このグラフによると、1990年頃にGDPが最も高かった国はどれですか？,データが不足している,アメリカ,日本,中国,2
e73d2eeb-e44d-4175-b6cc-1f4390a39299.jpg,What is the main topic of the article titled 'The Quality Update'?,Google's penalty server,SEO best practices,Typography effects,Content style guides,1
90ce8d49-48f3-40e5-9b69-99819c42c387.jpg,What is the title of the movie depicted in the poster?,Jurassic World: Dominion,Jurassic World: Extinction,Jurassic Park: Evolution,Jurassic Park: Resurrection,1
5bd2fcd7-1fe6-4aef-aa63-ac2de2445f34.jpg,Which country has the highest number of confirmed coronavirus cases according to the map?,Brazil,India,Russia,United States,4
6ec84817-006f-447b-a981-b20f664d8d1c.jpg,11月の予定表で、運動プログラムが予定されている日は何曜日ですか？,水曜日,火曜日,月曜日,木曜日,1
264c1659-ebcf-4d7f-8470-1c4e2a1b5307.jpg,この雑誌の発行月はいつですか？,2010年7月,2010年8月,2010年6月,2010年9月,2
5c685c8b-35d4-40d3-ad6d-671fe3103f57.jpg,1階席の座席数はいくつですか？,636席,264席,900席,500席,1
30a7f7e8-689b-4293-81be-cc80b5b19370.jpg,What is the discount percentage offered by the travel agency in the flyer?,30% off,25% off,20% off,35% off,1
ea6d20af-26a0-4e70-9fd4-758332562989.jpg,地図上で、丸の内二重橋ビルはどの通りに面していますか？,馬場先通り,行幸通り,千代田線,日比谷通り,1
ed5defc7-1732-4788-bb0b-53a981d7b7d4.jpg,What is the first step in the evacuation procedure according to the diagram?,Remove people from immediate danger,Call out in a loud voice,Close doors and windows,Evacuate to the Assembly Area,1
319b77b9-f12b-42c2-a7c4-e3fd18f045d4.jpg,3Fのフロアマップで、中央階段の近くにある施設はどれですか？,カンファレンス室,洗濯機置場,第3病棟スタッフステーション,ディルーム,2
dee5b987-8a56-421d-8d23-25c069e9106c.jpg,Which method is responsible for creating a new student in the system?,CreateAccount(AccountID),CreateStudent(StudentID),CreateCourse(CourseCode),"CreateRegistration(AccountID, CourseCode)",2
fa0be881-a007-4eb2-ae37-1d2a461b94e4.jpg,グラフにおいて、紙の重量が80のとき、紙の厚さの値が最も高いのはどの通紙経路ですか？,今回の新しい通紙経路,情報が不足している,現行の通紙経路,どちらも同じ,3
0e1dc722-572d-4c6e-9f0f-3b54399df128.jpg,BeforeとAfterのグラフで、0〜14歳の割合はどのように変化していますか？,Beforeでは15%で、Afterでは12%に減少している,Beforeでは12%で、Afterでは15%に増加している,Beforeでは12%で、Afterでは10%に減少している,Beforeでは12%で、Afterでも12%のままである,4
49ab8595-c3a2-47c3-ac5e-92012905b8af.jpg,Which snack has the largest difference in preference between boys and girls?,Ice cream,Vegetables,Fruit,Chips,4
1f27871f-0da9-4691-8a37-60c44addc0c6.jpg,Which product offers the highest data bar value?,Product Name 5,Product Name 3,Product Name 1,Product Name 6,4
e0f9a3e0-5ba5-4729-8bf7-159e0ccc489a.jpg,Which frequency block is designated for Public Safety in the Upper 700 MHz Downlink?,Block B,Public Safety,Block D,Block A,2
b8f74c10-960b-4652-86b8-438b5854c656.jpg,What is the main theme of the film 'Midsummer Days'?,Adventure and Exploration,Mystery and Suspense,Comedy and Laughter,Heartbreak and Healing,4
8fbae5cd-405b-4c86-9347-6af196e99261.jpg,この漫画で説明されている『病院ヘリポートの作り方』において、内藤の鉄筋がサビで膨張し、何が起こるとされていますか？,鉄筋消失,鉄筋崩壊,鉄筋破裂,鉄筋爆裂,4
b1fb82bc-236a-4485-895f-233aa8be4b78.jpg,What is the main purpose of the template shown in the image?,To design a marketing strategy,To create a financial report,To outline a basic process workflow by phase,To develop a software application,3
faac21dd-a87c-4387-be28-2a85dfeaf99d.jpg,Which piece is performed by both Kevin Lu and William Gu?,Can-Can,The Thunderer March,Ode to Joy,"Melodious Piece, Op.149 No.4",4
f4a65e9f-5ac3-46e8-93ea-f6b860f688e7.jpg,What is the main theme of the magazine cover?,Emmanuelle Chriqui Feature,Best-Dressed Fall,Surviving Male Infertility,Muscle Car Comeback,2
174f80f2-773f-46af-8568-76fa07822780.jpg,このチラシで、国内産牛肉の価格はどのように表示されていますか？,半額,68円,158円,298円,1
2bcc6c5a-a5db-4635-98c4-68a6d27c3a99.jpg,What is the total length between the centers of the two circles in the drawing?,225 mm,150 mm,175 mm,200 mm,2
3356d872-1d47-43ab-953e-ed60c11d6b30.jpg,Which chronic health condition has the highest hospital admission rate in the United States according to the chart?,Heart failure,Diabetes,COPD,Asthma,1
203ae5f4-7b98-4562-a300-38fc33ddbfe0.jpg,2023年2月度調査で、男性タレントの人気度1位は誰ですか？,綾瀬 はるか,阿部 寛,大谷 翔平,サンドウィッチマン,4
a7f42ca9-5dbe-4aca-a411-5ceda04ec132.jpg,Which magazine features the cover story 'HRITHIK ROSHAN OPENS UP'?,Forbes,MW,Vogue,Time,2
0160774d-2df9-42dc-a844-b35a87820efe.jpg,多重比較の前に、3群以上のデータに対してノンパラメトリック法を使用する場合、どの手法を用いるべきですか？,多重比較法,一元配置分散分析,t検定,Kruskal-Wallis法,4
cbe67074-ee2a-4a9d-a46a-2197d10e497f.jpg,What is the radius of the largest arc in the CAD drawing?,R9,R27,R60,R15,3
2f7c1d37-aa8b-4762-b964-1501e19efc2b.jpg,ブランド共鳴ピラミッドにおいて、最初の段階で達成すべき目標は何ですか？,集中、アクティブな忠誠心,パリティと相違点,深い、幅広いブランド認知度,ポジティブ、アクセシブル反応,3
e11bd8f4-996f-4efe-b429-585c67cdbe33.jpg,この雑誌の特集テーマは何ですか？,春のファッション,冬のスキンケア,夏の旅行プラン,新学期の準備,4
b2d61ff9-ee1f-41c9-b2ae-3aa56032f218.jpg,この間取り図において、リビングダイニングキッチン（LDK）の広さはどれくらいですか？,15畳,12.7畳,8畳,10畳,2
3cf70fb8-0efa-4642-963f-32530fdec4b3.jpg,この家系図において、最も多くの子供を持つ人物は誰ですか？,次男,長男,四男,三男,2
497e197a-000d-4b02-8e59-b86a9cc7b54d.jpg,この間取り図において、主寝室に隣接している部屋はどれですか？,バルコニー,WIC,フリースペース,洋室,2
8667c176-4dc7-462e-8225-97be78504722.jpg,この地図で、ホテルから避難場所までの距離はどのくらいですか？,約750m,約550m,約350m,約950m,2
33fb048d-26d8-41d5-a88f-54651a3676db.jpg,この画像で提供されているサービスは何ですか？,技術サポート,健康相談,法律相談,コンプライアンスホットライン,4
067ace2d-c2b2-4304-a142-99151466c883.jpg,Which pair of variables shows the strongest positive correlation in the scatterplot matrix?,Turning Circle and Horsepower,Gas Tank Size and Weight,Displacement and Horsepower,Weight and Displacement,4
138cca50-f1c5-44d7-bebc-3328abd5c4f9.jpg,"In the family tree, who is the sibling of the Aunt?",Dad,Uncle,Mom,Grandma,1
380bf8e8-e1b0-4e14-9787-ffe825d0c3ee.jpg,Which interstate highway connects Los Angeles and San Diego according to the map?,Interstate 8,Interstate 5,Interstate 10,Interstate 15,2
9dbdf0fa-429d-4a1a-b8f3-2ab580ef1f3f.jpg,What is the primary purpose of the design shown in the image?,To showcase a business flyer design,To promote a business event,To advertise a new product,To provide a company profile,1
d948483b-5b3a-456c-a17a-30883ea9986e.jpg,このフローチャートにおいて、出荷指示書はどの部門で印刷されますか？,経理部,営業部,倉庫,得意先,2
afb055f3-b754-440b-8277-1bb684dcf585.jpg,この地図で、東京駅はどのエリアに位置していますか？,A-5,C-6,E-5,D-4,4
31dd6d50-8170-4830-9b61-510b3cec863b.jpg,In which year did Product A have the highest sales compared to Product B?,2017,2016,2015,Product A never had higher sales than Product B,1
ed186da2-51b4-4546-b659-d8d7e4dd2fb1.jpg,専門医療機関連携薬局の機能として正しいものはどれですか？,薬局の営業時間を延長する,患者の薬の情報を共有する,新しい薬を開発する,医療機器を販売する,2
91f8e303-68a0-4009-911a-2d26d24885b8.jpg,What type of event is being advertised in the image?,Music Concert,Science Fair,Sports Tournament,End of Year Show,4
6d8c7ae2-86cf-4e17-9741-cc5e29a30d8d.jpg,A社とB社の比較において、独自ドメインの利用可否に関する違いは何ですか？,両社ともオプション契約が必要。,B社はオプション契約なしで利用可能だが、A社はオプション契約が必要。,両社ともオプション契約なしで利用可能。,A社はオプション契約なしで利用可能だが、B社はオプション契約が必要。,4
c683797d-2d9d-4b28-94f5-f5afcee7ebba.jpg,Which department has the highest score in Diversity?,Sales,Marketing,All departments have the same score,Finance,2
87a949f1-4fd6-40ce-9d21-b6e08241e4e1.jpg,右側のグラフで、4月に最も高い値を示している線はどれですか？,C,D,B,A,1
f7f918f8-bc81-4bf7-8848-87950ea33e5a.jpg,このチラシによると、キッチンリフォームとLDKの窓リフォームを組み合わせた場合のプラン補助額合計はいくらですか？,"51,000円","225,000円","276,000円","1,274,070円",3
f4ecb6aa-5afb-4afb-ac49-d7a01bb76102.jpg,What is the discount offered on the fitness training package today?,25% off,30% off,10% off,15% off,1
4b4e54f2-9245-4e53-8195-c6bda11f0760.jpg,2010年から2019年の間で、インターネット広告費がテレビ広告費を上回った年はどれですか？,2015年,2018年,2019年,2017年,3
d661aaeb-aa81-438c-8a90-97927b51c350.jpg,このバブルチャートで、最も右に位置するバブルのX軸の値はおおよそいくつですか？,"500,000","100,000","600,000","300,000",3
a54941fb-5862-4005-8299-491de5b1f9fb.jpg,"In the iterative model shown, which phase directly follows the 'Design' phase?",Initialization,Verification,Implementation,Evaluation,3
33a523ad-59b8-46c0-b0bf-bf3c9e2f3463.jpg,What is the main focus of the material shown in the image?,Financial Management Strategies,Application & Explanatory Material for SA 200,Advanced Auditing Techniques,Professional Ethics in Accounting,2
6c0a8bec-1c31-4d13-82d8-a08216836dc7.jpg,Which color is preferred by the highest number of students?,Green,Red,Blue,Yellow,3
91584278-74cd-4e5b-a536-3f5cb58c205f.jpg,優勝チームはどのチームですか？,浅田チーム,大木チーム,須藤チーム,近山チーム,4
f6c8857e-6f0d-4a6c-936c-23ae7b99cd05.jpg,What type of relationship is depicted between the classes in the UML diagram?,Association,Composition,Inheritance,Aggregation,3
90878714-a6dc-4421-9dd4-b665eedc9058.jpg,最も多くの販売台数を記録した販売員は誰ですか？,長谷部,長浜,松下,川上,3
d4ca67c6-9c64-4824-b338-af7c0c77b6d5.jpg,Which country has the highest number of unique page views?,Sweden,Japan,United States,India,3
c60002c5-aa96-46a9-8a0a-509a0e55901c.jpg,このドーナツチャートで、関東の割合は何%ですか？,28%,64%,19%,36%,2
aaf0f0e2-d329-4422-81f0-99aaa130f2a3.jpg,グラフにおいて、3回目のテストで最も高いスコアを取った科目はどれですか？,算数,国語,すべて同じ,理科,1
d79b9616-7ee8-48d4-bb41-b1e4c338963a.jpg,画像に書かれている日本語のフレーズは何ですか？,カフェでリラックスしよう。,美味しい時間を過ごそう。,いつだって楽しみはここにある。,素敵な一日を！,3
3f168879-e9e8-4d93-85d1-974f35078bb9.jpg,Which school supply has exactly twice the number of supplies as the pen?,Sharpener,Eraser,Scale,Pencil,3
03358ae8-1030-49e9-a0f5-d9694b0129cc.jpg,大葉と梅の黒ごまそうめんのレシピで、もめん豆腐はどのように準備しますか？,ペーパータオルで包み、約5分おく,そのまま使用する,細かく刻む,炒める,1
9c6503b8-8d2c-4b0c-a147-43d2fc152c5f.jpg,このイベントはどこで開催されますか？,東京大学,慶應義塾大学,早稲田大学,京都大学,2
bb7803c9-833e-44be-9aa6-56aa3d042e92.jpg,Which team has the highest goal difference after 3 matches?,Middlesbrough,Cardiff City,Wolverhampton,Ipswich Town,2
1ec4ea24-0d18-4603-bd45-f8bd3b8800a0.jpg,What is the main theme of the article featuring Gigi and Zayn on the cover?,Angela Merkel's Leadership,Miranda Kerr's Wedding Dress,Shop Each Other's Closets,Eclectic Elegance,3
dfed7a55-ec5d-4fb8-90b6-1818289d379e.jpg,パン、惣菜、生鮮の中で、最も高い割合を示している項目はどれですか？,惣菜の53.9%,パンの38.5%,生鮮の42.7%,パンの34.4%,1
0ce3e1b8-4372-4b63-ada8-66ddf724fecd.jpg,Which country spends the highest percentage of its GDP on health care according to the chart?,Japan,Switzerland,United States,United Kingdom,3
c6fed806-ee05-4d67-b22a-b47fc07d8c34.jpg,Which line connects to the Sunshine Coast and has a station at Nambour?,Sunshine Coast line,Caboolture line,Gold Coast line,Cleveland line,1
b2ea20e5-91d8-4a5d-805e-4ba48060558d.jpg,この画像に登場するキャラクターたちが関連しているシリーズ名は何ですか？,山物語,海物語,空物語,森物語,2
6bc064fd-615b-4917-ac8d-61d55718ace9.jpg,どの月の実績が目標を最も上回っていますか？,5月,8月,10月,2月,3
69fe0b54-fdbe-4a76-9f02-9b7193487c2f.jpg,この図で、動脈血はどの色で示されていますか？,緑,黄色,赤,青,3
0420534e-4477-4ce5-9237-265ebd34bb3c.jpg,Which fruit was chosen by the least number of people as the nicest fruit?,Pear,Mango,Grapes,Pomegranate,3
bd4a882b-3d80-455e-92dc-63fffc0ad63d.jpg,What type of chart is displayed in the image?,Pie Chart,Line Chart,Band Chart,Bar Chart,3
a7230046-5a3f-4516-abc3-af3dd0ec0777.jpg,What is the date of the grand opening mentioned in the image?,10 November 2015,15 December 2015,10 December 2015,15 November 2015,1
923e2592-d4f7-409f-9c42-b203c895adf6.jpg,松田一郎の生年月日は何ですか？,1977/12/06,1977/04/23,1978/12/08,1978/12/06,3
ba306791-0abe-49e1-b069-cdbf896b42a8.jpg,Which subway line provides full-time service to the World Trade Center station?,R,1,A,E,4
7b7b91c9-1e8e-4a61-b60b-08e36749773e.jpg,図表3において、2020年に最も大きく実質GDPが減少した国はどれですか？,ユーロ圏,中国,日本,米国,4
c950be68-417e-4126-af99-80b044667893.jpg,『ゆびわわっ！』のワークショップはどの展示室で行われますか？,展示室3,展示室5,展示室2,展示室1,2
425076af-44db-43bc-9a58-92d44f04ad35.jpg,部門ごとに顧客データを収集している場合、どの優先度が適用されますか？,優先度C,優先度A,優先度D,優先度B,4
1d300632-bca0-4b6a-b4a4-b7b82c7fbf37.jpg,What category has the highest expenditure in the chart?,Furniture,Technology,None of the above,Office Supplies,2
7b307e97-8eff-43e4-b20d-5171a6c8485e.jpg,Who is responsible for overseeing the Customer Relations department?,Danica Donaldson,Jeremiah Johnston,Ulyses Ullrich,Quinten Queensway,4
d63ff724-52c4-4af1-bc69-1e68367b3ece.jpg,What percentage of the pie chart is represented by the DCC category?,8.5%,77%,11%,3.5%,1
a839fdc8-9881-48ed-bed5-947687182037.jpg,診察室1はどこに位置していますか？,処置室11の隣,受付の隣,アートメイク室の隣,撮影室の隣,2
ace07ea3-653f-452c-95a4-074ed74fa440.jpg,What is the main topic of the tutorial presented in the image?,How to organize a digital education week,How to use explanatory videos for learning material,How to develop strategic partnerships,How to create digital animations,2
ba029df5-3280-4998-837a-275a4ec99b74.jpg,What activity takes up the largest portion of time in the Personal Time Management Chart?,Hobbies,Sleep,Work,Family,3
cbc11145-c3aa-40e0-a8ed-43da49202e86.jpg,このシステムで情報共有が行われる場所はどこですか？,情報共有サーバ,大阪府事務所,工事現場,受注者のオフィス,1
4abca2b6-267f-4e1e-90fd-e75e99f7c6b1.jpg,What is the primary service offered by the agency in the flyer?,Graphic Design,Web designing,Search Optimization,Creative Ideas,3
2ab2be1f-ab0f-42e3-8348-c7889e4a472b.jpg,この画像のタイトルは何ですか？,最新のくどき文句、集めました。,キャッチコピーの表現別グラフィックス,最新！魅せる！,絶叫学割,2
e8b02dd6-0bbc-4e6c-be55-b67d0d23c78a.jpg,What is recommended to be placed in the large gray space in the newsletter?,A list of upcoming events,A detailed financial report,A message from the CEO,An evocative and aesthetically pleasing image,4
a7a7a4aa-8c95-4c2a-8170-7ed1ecec1ebe.jpg,この間取り図の1階にある部屋の中で、最も広い部屋はどれですか？,ワークスペース,LDK,玄関,主寝室,2
3eb4d592-4a0e-44e5-abd8-5d132955ec10.jpg,What is the primary function of the central device in the network diagram?,To store data,To provide wireless connectivity,To encrypt data,To route data packets,2
5b2b72fd-62b9-4166-804a-2b3d67bf2ae5.jpg,3月に紹介されている果物は何ですか？,いちご,ぶどう,みかん,りんご,1
1e8f3735-a88a-47e7-adc4-31925618d7d6.jpg,この散布図の回帰直線の式は何ですか？,y = 0.6484x + 94.595,y = 0.6484x + 84.595,y = 0.5484x + 84.595,y = 0.7484x + 84.595,2
9777f53e-af9c-4b58-b08d-5c91ff5bba1b.jpg,What is the main theme of the advertisement shown in the image?,Variety of fruit flavors,Low sugar content,Eco-friendly packaging,Freshness of the fruit,4
ec0970ae-cdaf-45d9-9623-cb66f033aa15.jpg,Which scatterplot represents a positive linear relationship with the highest correlation coefficient?,Plot (b),Plot (d),Plot (a),Plot (c),3
a0e5df96-5c7f-4388-9fc1-b94a0176cca1.jpg,Which pricing plan offers 200GB of storage?,$100 Full,Free,$50 Extended,$20 Professional,3
c43e9ddf-5305-4e5b-946b-98b37af48554.jpg,洪水時の避難計画において、避難レベル3が発令された場合、どのような行動を取るべきですか？,避難の準備を始める,避難を開始する,特に行動を起こさない,安全な場所で待機する,2
1e1b34d7-879b-4b12-8d81-ff444af61fbc.jpg,戸塚ふれあい文化祭の舞台部門で、10月8日（土）に行われる『Oriental』の開始時間は何時ですか？,11:00,12:25,10:00,13:00,2
81e61d9f-79eb-4b82-a0aa-04b811a89f2e.jpg,Who is the paternal grandfather of 'Me' in the family tree?,Father's Maternal Grandfather,Father's Paternal Grandfather,Mother's Paternal Grandfather,Father's Father,4
7bf7b0e9-edf3-452e-8e73-df1ea4ce094d.jpg,What is the starting price for the luxury real estate listed in the image?,"$100,000","$200,000","$50,000","$150,000",3
25d478e4-838c-4eb4-9b71-f48adb236801.jpg,看護部長の下にある役職はどれですか？,ICU,助産師,病棟看護師長,看護助手,3
f9cd5f9b-4336-4ccc-8983-8b296e2e1988.jpg,Aさんの理科の点数は平均点と比べてどのように異なりますか？,Aさんの理科の点数は平均点より高い,Aさんの理科の点数は平均点と同じ,理科の点数はグラフに表示されていない,Aさんの理科の点数は平均点より低い,4
d5a74af8-d618-43a1-959f-418333d71837.jpg,この散布図のデータポイントはどのような傾向を示していますか？,正の相関がある,指数関数的な増加を示す,相関がない,負の相関がある,1
52ea139e-0c17-475c-adba-34062073cbe0.jpg,Which class in the diagram is responsible for calculating the frequent renter points for a new release movie?,Customer,Movie,Rental,NewReleasePrice,4
ae0af7be-b681-4d96-a454-4f40b2182927.jpg,What is the first step in the PDCA Cycle for Problem Solving according to the diagram?,Execute the plan,Correct the errors,Identify the problem,Plan the course of action,3
0ead84f0-ca76-4b6a-bc6f-1015f0218809.jpg,地方公共団体の名称の変更はどのように定められていますか？,市町村議会の決定,知事の決定,法律で定める,住民投票,3
52992074-3072-49f7-8f3f-d0fd97cb60ee.jpg,左の円グラフで、テニスと卓球の合計割合は何%ですか？,24%,17%,21%,14%,1
84ea5440-bb7d-4af7-ace7-77df9c477284.jpg,この図において、右心室から出た血液は最初にどこに向かいますか？,脳,左心室,その他の臓器,肺,4
695785bf-53fb-47ca-881f-ef650b87b67e.jpg,警戒レベル3で推奨されている行動は何ですか？,大雨や河川の状況を確認する,避難を完了する,避難所の確認を行う,テレビやラジオで気象情報を確認する,1
ea3a6187-f851-4688-99e3-5a814310cf60.jpg,Which platform offers more types of data visualization tools?,Neither offers data visualization tools,Venngage,Visme,Both offer the same number,3
e9b99780-c11b-429a-90dd-cfff6612428d.jpg,Which program offers the opportunity to log unlimited PD hours and provides personalized 1:1 support?,Online Conference,Arts Integration Certification Program,Accelerator Program,Digital Curriculum Supplement,3
5e9edbec-c35f-4bb8-87c9-a16467918b72.jpg,What is the main theme of the magazine cover?,Technology Innovations,Travel Destinations,Fashion Trends,Culinary Arts,3
3369ad9d-fd79-4491-a128-c3e9f1f7f99f.jpg,神戸芸術センターの座席表で、黄色で示されている座席の種類は何ですか？,レディースシート,スーパーシート,指定席,特別リングサイド,2
1ede556f-a8f7-486e-9de4-323d69ac7941.jpg,How many bedrooms are shown in the floor plan?,Three,Two,Five,Four,1
1c8a77d9-727f-47d9-ae5d-6ca24f252a94.jpg,What is the main focus of the Men's Health magazine cover?,Your Best Body Ever,Top Personal Trainers in India 2015,Foods & Moves That Boost Testosterone,Guide to Style,1
9a89eede-11f1-47f0-805b-91abb09a2dc2.jpg,仕事Aを選択した場合の期待値はいくらですか？,7億円,9億円,-3億円,12億円,2
10f3658d-4426-4b85-b1cb-6b05c12e6a79.jpg,食事摂取の介助が見守りに変更されるのはどの項目ですか？,食事摂取,飲み物摂取介助,食事の準備,おやつの準備,1
0a6d756c-a55a-4bee-b917-1455c93f0168.jpg,What is the main topic of the article featuring Anthony Joshua on the cover?,His preparation for the fight of the century,His diet and nutrition plan,His fashion style,His favorite movies,1
a16a1087-3df7-44ae-9e28-656906c57037.jpg,What is the main theme of the Men's Health magazine cover?,Travel Adventures,Fashion Trends,Healthy Eating,Fitness at Any Age,4
5b5c1292-3430-4519-82c2-588be34afecf.jpg,Which station is an interchange for the most number of lines on the Klang Valley Integrated Transit Map?,Bandar Tasik Selatan,Hang Tuah,Masjid Jamek,KL Sentral,4
2808e99a-171b-4411-892c-114f4e00f521.jpg,このシステム構成図において、Zabbixが監視しているのはどの部分ですか？,AWS CloudのRDS,AWS CloudのEC2インスタンス,オンプレミス環境のZabbixサーバー,オンプレミス環境のLinuxサーバー,3
6c4b0ecc-e181-4b67-8872-eb1202d779e9.jpg,At what age do boys and girls have the same average height according to the chart?,10 years,11 years,9 years,8 years,3
e1f5df59-fb05-4ba0-a639-6389fa372580.jpg,この図において、消費者と販売者の間で何が成立することが示されていますか？,競争,友情,契約,誤解,3
38cf1d0d-5c00-48e3-b1bd-f7042964bcc9.jpg,Which data series in the scatter plot has the highest range of Y-values?,A,C,D,B,4
04f93fcc-e5e8-4f8c-a46f-892faf7f65e9.jpg,What type of relationship is depicted between the 'ListOfBidders' and 'Bidder' classes?,Composition,Aggregation,Inheritance,Association,2
95c15fdd-3d7d-4219-a0fe-ffd21b40b8a6.jpg,岐東CATV 111chの6月の番組表によると、6月19日から6月25日に放送される『町の話題』の内容は何ですか？,甲府市立図書館主催 朗読会,高瀬山遊歩光と大黒天祭り 染織講座火災避難訓練,がんばれ甲州弁発表会 塩山高校,第58回 甲府市ふるさと武田勝頼公まつりスペシャル,3
11f3dfa2-e377-49f3-bf05-0080926637a1.jpg,このトーナメントで優勝した国はどこですか？,韓国,日本,カタール,イラン,3
bcee9bb3-24e7-439d-9ce6-92e1548617ae.jpg,秋のブランドコスメお試しdayはどこで開催されますか？,どちらでもない,両方,アピタ富山店,ヘルス＆ビューティーはなの木,2
c0ee7463-7b0e-40be-bfde-41deadca1d1c.jpg,バリューチェーン分析において、製造の次に位置するプロセスはどれですか？,出荷・物流,サービス,購買・物流,販売・マーケティング,1
9b50290f-8d08-4399-b629-279086207f29.jpg,Which music genre had the highest percentage of Billboard Hot 100 spots around 1984?,R&B,Rap/Hip-Hop,Rock,Pop,3
699ab736-3e5d-430d-85cf-0d0701966a8f.jpg,この画像に示されているUML図の中で、オブジェクト間の動的なやり取りを表現するものはどれですか？,UML シーケンス図,UML 配置図,UML クラス図,UML アクティビティ図,1
c36028df-3491-40aa-8db4-2c937ba286dc.jpg,基本療養費（週3日まで）の全額料金はどれですか？,"12,990","5,550","6,550","7,440",2
d575636b-da7d-4aa9-ae20-f51a87c6425f.jpg,Which table contains information about the status of customer orders?,customers_orders_statuses,suppliers,products,customers_addresses,1
ffdab20f-5ba4-4680-bb69-0fad760aaec7.jpg,御堂筋線の路線図において、梅田駅の次の駅はどれですか？,淀屋橋,新大阪,中津,本町,3
17144c6a-7aa4-45cc-b7d1-40f2461fbb35.jpg,このオープンハウスのプロジェクト名は何ですか？,Green Leaf Project,Eco Home Project,Sunshine Project,Blue Sky Project,1
efada438-2b79-4bb9-98fc-a5656b23a199.jpg,この施設の中で、子ども向けのエリアはどれですか？,ジョブカフェあおもり,遊び場,事務室,健康ホール,2
06eb35e4-6f9e-4872-a4df-cbcecdb768e2.jpg,この散布図のタイトルは何ですか？,身長と体重のデータの散布図,体重と年齢のデータの散布図,体重と運動量のデータの散布図,身長と年齢のデータの散布図,1
62db853c-b62d-43a8-ab1c-8a81a568404e.jpg,この家系図において、太田家の最も古い世代の人物は誰ですか？,太田某次郎,延丸,中西太三郎,神内太五郎,2
3000311f-febe-4453-9d0b-641ca32195bb.jpg,What is the main theme of the magazine cover?,Modern fashion for men,Travel destinations,Technology advancements,American cuisine,1
46fe23f9-ba02-4ecc-873a-64e5a98ee798.jpg,このピラミッド図において、設計事務所はどのプロセスに関連していますか？,設計,プロセスマネジメント,建材手配と施工,施工,1
a0111442-5b6c-454d-aad5-ea0c06ffef5d.jpg,この雑誌の対象年齢は何ヶ月の赤ちゃんですか？,3〜6ヶ月,6〜9ヶ月,0〜3ヶ月,9〜12ヶ月,3
4335d4c2-2503-49da-bd2d-01d3a7e77c7d.jpg,円グラフにおいて、'Yes'の割合は何パーセントですか？,10%,50%,65%,25%,3
9e648f66-f17b-4a6d-9fc7-8649f61f283b.jpg,この図における『学び合い』のプロセスで、最初に行われるステップは何ですか？,めあて設定,評価・振り返り,『今日のポイント』,問題提示,4
1dd3b5d9-7cb5-4775-b819-864426040533.jpg,右のグラフで、がく片の長さが6.0 cmのとき、最も多く見られるアヤメの種類はどれですか？,不明,virginica,versicolor,setosa,3
2863fe2d-eb02-45c5-9f3d-724d6ad6aadb.jpg,三年生で最も人気のある給食はどれですか？,ハンバーグ,カレーライス,からあげ,スパゲティ,3
5c807f78-b19f-4ff4-924c-3bad396a43e2.jpg,Which role is responsible for transferring the Project Administrator according to the use case diagram?,System Administrator,Data Analyst,User,Project Administrator,4
4276456d-b2a2-4bae-813a-2babe649a9fe.jpg,台風接近時のレベル2で住民が行うべき行動は何ですか？,避難完了,高齢者避難,避難行動確認,防災学習,3
055fd926-9747-4ee7-984e-7e1566f9bf31.jpg,高血圧性疾患の総患者数はどれくらいですか？,"4,010千人","3,699千人","13,891千人","15,033千人",4
e821f829-f2d9-425f-98a5-aedd2b26744f.jpg,Which section is located next to the 'Lighting & Ceiling Fans' area?,Paint,Lumber & Building Materials,Flooring,Hardware,3
d6a4c046-d3f3-4c09-9e72-e24220b53101.jpg,What is the title of the book series shown in the image?,Men's Magazines: A Modern History,The Evolution of Men's Style,Men's Fashion Through the Ages,The History of Men's Magazines,4
99b695b7-2400-4431-89e5-57be235429b9.jpg,この画像に登場する男性たちはどのような服装をしていますか？,カジュアルな服装,伝統的な和服,フォーマルなスーツ,スポーツウェア,3
061a0479-8372-49e4-b087-6309de268498.jpg,このチラシで提供されている体験の通常価格はいくらですか？,"32,780円","8,200円","22,000円",0円,2
3d51c6e7-059d-4f4e-b396-cfd87ea63974.jpg,20代の男性で最も支持されているメンバーは誰ですか？,MIIHI,MAKO,RIMA,RIKU,1
6f0a767f-a72f-437d-b724-c6acae594beb.jpg,IHS社のGoldfireサーバーはどのプロトコルを使用して社内サーバーと通信していますか？,TCP/IP,FTP,Https,NetBIOS,3
f31f96c6-7ace-4ac6-9f91-060c2d3739ed.jpg,このテレビ番組表で、NHK総合で22:00に放送されている番組は何ですか？,音楽番組,バラエティ,ニュース,ドラマ,3
397f75a5-46d0-4e19-abd6-a837cf3db3cd.jpg,この図において、社員が行うことができる操作は何ですか？,新しい社員を追加する,社員名を変更する,勤怠表を削除する,勤怠実績を入力する,4
fa0bdb42-45ae-4212-8767-028e010835b7.jpg,Which bus route would you take to travel from Victoria Station to Camden Town?,Route 24,Route 390,Route 14,Route 38,1
028c10d4-516b-47f0-852b-255b27d9966d.jpg,Which subject did Amanda score the highest in compared to Bobby and Steve?,History,Chemistry,Math,Geography,2
3710e6fb-1761-4f0b-8db2-81c7f01bd3a3.jpg,What is the main theme of the newsletter based on the images and text provided?,Campus renovation updates,Academic achievements and student life,Upcoming sports events,New faculty introductions,2
c339040b-2daf-432e-ba78-63ae18a20d38.jpg,このフロアマップで、舞台の近くにある部屋はどれですか？,授乳室,情報・チケットカウンター,守衛室,楽屋 1〜6,4
fbaffba6-4e6b-4c69-bfca-2da19849f12b.jpg,地図上で、三菱地所総合受付はどの建物にありますか？,大手町ビル,Otemachi One タワー,大手センタービル,大手門タワー・ENEOSビル,1
23a68ea2-4068-4f18-b8e2-d1c0f6d5d5ed.jpg,避難経路図において、非常口はどのように示されていますか？,青色の点線,緑色の矢印,赤色の線,黄色の星,2
b7fc33ec-f336-426c-907f-9f9ee5ebaa70.jpg,"Based on the radar charts, which feature is most emphasized in the blue dataset on the left chart?",Online Gaming,Search Engine,Social Networks,Email,4
67439b38-c318-4e99-be09-782ae27825fb.jpg,3年目後半に行われる肝胆膵ベーシック研修で経験する診療行為はどれですか？,消化管がん化学療法,上・下部消化管内視鏡治療,腹部US検査,RFA,3
1ecbacdc-2cf4-4d6a-8673-e23916cb1c85.jpg,このグラフで、運動不足が関連している疾患はどれですか？,外因,呼吸器系疾患,循環器疾患,悪性新生物,3
e83b2782-ace6-4877-9cf9-cfbf25ac9479.jpg,What is the total area of the Living Room and Family Room on the first floor?,300 square feet,400 square feet,250 square feet,350 square feet,1
868d8874-4b53-45fd-9276-b3daf044db6d.jpg,地図上で、東西線の終点はどの駅ですか？,国際会館,京都市役所前,六地蔵,太秦天神川,4
e58ae791-04ca-4ab5-a029-00d012bdd3bc.jpg,"According to the evacuation diagram, which room is located directly next to the 'You are here' point?",Computer Lab,General Office,Stair Room,Reading Room,3
d5f8d0dc-0ff8-4796-a0a0-4c01e2c1d538.jpg,What is the main feature highlighted in the Nikon COOLPIX S60 advertisement?,Waterproof design,Interchangeable lenses,Touch-screen functionality,High zoom capability,3
79fc8911-e77d-47ce-9f46-05171c038a91.jpg,Which method in the 'Page' class is responsible for adding a control?,getTemplate() : String,addControl(Control) : void,onInit() : void,"addModel(String, Object) : void",2
3f8eb4ca-83ed-40e2-8f26-3af7f417473f.jpg,この広告で提供されている割引は何パーセントですか？,15%OFF,25%OFF,20%OFF,10%OFF,3
94f80787-94d7-4308-a864-46f5e7c493dc.jpg,Which class is responsible for managing user profiles in the system?,Mengelola Posting,Mengelola Profil,Mengelola Layout,Mengelola Template,2
0d3d827f-ba9e-4a09-be49-05a39ace7dc1.jpg,What is the approximate link efficiency for circuit E3?,0.3,0.6,0.9,1.2,3
1e63597c-4b32-412c-91cc-e3488d711005.jpg,この図において、利益を構成する要素はどれですか？,変動費と固定費,新規客と既存客,来店客数と購入率,売上とコスト,4
a1b2a4db-49c2-4868-8f8c-ecaba665353e.jpg,新南棟の外来受付はどこにありますか？,南棟の中,東棟の中,正面入口の近く,救急センターの中,3
2cce22aa-6fd2-4700-8a07-c0f5d468c193.jpg,この画像で1位に選ばれたキャラクターはどれですか？,シナモロール,ハローキティ,クロミ,ポムポムプリン,1
6db4cd2f-e277-40fe-8f93-13d1a7bb19d2.jpg,What is the date and time of the Science Fair event?,July 22nd / 10 AM - 4 PM,July 22nd / 12 PM - 6 PM,August 15th / 10 AM - 4 PM,August 15th / 12 PM - 6 PM,2
a5fa4399-2db9-4a3d-a282-f75b22ec121d.jpg,iDeCoの非課税での運用可能期間は最大何年ですか？,75年,20年,55年,無制限,1
76711ec0-cfbe-4f07-ad21-8f1fb049f54a.jpg,What is the primary purpose of the GanttPro bar chart shown in the image?,To display a timeline of project tasks,To show a line graph of trends over time,To compare different categories of data visually,To illustrate a pie chart distribution,3
827881c9-33d8-46aa-a563-48ea86205332.jpg,東海環状自動車道の西回りの延長は何kmですか？,約77km,約153km,約100km,約200km,1
d33bcbef-f924-4293-98dc-8c783b314ec5.jpg,この図において、島根医科大学医学部附属病院はどのシステムと接続されていますか？,地域医療連携システム,知識駆動型診療支援システム,地域医療情報ネットワーク管理システム,診療所用電子カルテシステム,2
cb62b0da-4fe6-43e5-ae65-0f499ac257e9.jpg,What is the total length of the base of the object in the drawing?,52 mm,160 mm,76 mm,100 mm,2
3987df16-d56f-47b5-a46d-c24c5456c31d.jpg,この広告で紹介されている新しい商品は何ですか？,お年玉華貴品,特大まぐろ,赤シャリ小どんぶり,ベルクカード,3
fd557160-f2ca-4b08-9bb9-1dc2df709e5b.jpg,このチラシで、金曜日に提供される割引は何ですか？,5%割引,10%割引クーポン,20%割引,ポイント5倍,1
6ea10992-4137-4ab5-995e-11a8b07721a3.jpg,What is the expected payoff for investing in Mutual Funds based on the given probabilities?,19.2,24.8,20.0,53.0,1
d999c0ae-10ec-45a6-9a97-ec702a6740dd.jpg,Which programming language had the highest percentage in the Tiobe Index for December 2017?,C++,C,Java,Python,3
9ca5ee39-c9fd-4f81-bd99-e77e2c1e9e4e.jpg,Which city is located closest to the intersection of Interstate 90 and Interstate 94?,Tomah,La Crosse,Madison,Eau Claire,1
5d2eac2f-bc49-4c80-bbdf-18c75c0a02d8.jpg,この雑誌の特別付録は何ですか？,サングラス,腕時計,レザー財布,カメラ用ペンケース,4
bb22ea76-cc43-4cfe-8a77-55d424817e08.jpg,What is the total value at interval 2 for all data series combined?,8,5,6,7,4
57447e36-01ca-4ad5-a317-b55212853095.jpg,What is the weight of the chocolate bar shown in the image?,200 grams,100 grams,50 grams,150 grams,2
3f9030be-4cef-4476-854f-85290c25c0ba.jpg,Which major highway connects Memphis and Nashville on the map?,I-40,I-55,I-24,I-65,1
8032e51c-fcd5-49e8-8bf2-03fa8062b8eb.jpg,Which element has the highest popularity relative to hydrogen in the atomic number range 20-40?,Copper (Cu),Iron (Fe),Zinc (Zn),Calcium (Ca),2
5e885910-ed97-4958-9fd5-bf40c3af73ba.jpg,Who are the parents of Cynthia?,Ron and Sheila,Robert and Eva,David and Sheila,Peter and Jessica,3
281ba26a-9c0e-4ee7-9f2f-343b882616f5.jpg,Which service is ranked as the most important according to the image?,Public transport,Education,Waste Management,Emergency services,4
7f0187e8-7fa4-4e81-addf-8ef1ba674aac.jpg,What is the primary purpose of the Flat Pyramid Diagram shown in the image?,To show a comparison of data sets,To display a timeline of events,To represent a network of connections,To illustrate a hierarchy of concepts,4
9f66a96a-20d4-47ff-99ad-82d7e3beb081.jpg,5月の売上構成において、最も売上が高かった果物はどれですか？,バナナ,りんご,同じ,みかん,4
4e2833a4-c854-4593-a65a-03f714231e2b.jpg,What should you avoid using in your introduction or conclusion according to the image?,Topic sentences,Personal pronouns like 'I' and 'You',Subtitles,Transitional words,2
11206e99-457d-408d-8c25-e82eb3c78b8a.jpg,このプログラミングスクールのベーシックコースの月謝はいくらですか？,"8,000円","7,000円","6,500円","5,500円",3
8959a8ba-4f7d-41f7-8ee1-d227909596a1.jpg,地図上で、品川グランドセントラルタワーはどの建物の隣にありますか？,品川プリンスホテル,三菱重工ビル,品川イーストワンタワー,キャンパスタワー,2
2458a738-a78f-470e-b6e5-de5af2fa790a.jpg,In which year did Nicholas Hall & Company launch the DB6 Global OTC database?,2009,2001,1990,1995,4
3ed71029-f68e-43f9-bd7a-66a2fd62e5f7.jpg,クラスAはクラスBとクラスCにどのように関連していますか？,クラスAはクラスBとクラスCの両方と1対1の関連を持つ,クラスAはクラスBと1対1の関連を持ち、クラスCと1対Nの関連を持つ,クラスAはクラスBと1対Nの関連を持ち、クラスCと1対1の関連を持つ,クラスAはクラスBとクラスCの両方と1対Nの関連を持つ,2
1843133f-a6a6-4705-9721-3993f05e8101.jpg,What was the approximate real GDP of the UK in 1990 Q1 according to the graph?,"£155,000 million","£305,000 million","£205,000 million","£255,000 million",4
88e63067-5ddc-4e23-a058-b93ad4a4cc37.jpg,この講習会の開催時間は何時から何時までですか？,14:00〜16:00,9:00〜11:00,10:00〜12:00,13:00〜15:00,3
8400d110-3ce0-4dc7-942c-64606f9330de.jpg,What was the approximate UK Real GDP in 2020 Q1 according to the graph?,"300,000 million £","600,000 million £","400,000 million £","500,000 million £",2
04a7b833-a77e-4f59-8bea-f8d7a3451d14.jpg,この画像で、最も多くの票を獲得したポケモンはどれですか？,ミミッキュ,ゲッコウガ,リザードン,ルカリオ,2
389675c4-bc1a-4e92-a9d6-56761389b2e6.jpg,この図面において、2階の間取りで緑色で示されているエリアは何を表していますか？,キッチン,バスルーム,ベッドルーム,リビングルーム,1
d9436160-dc6b-43e4-9ded-9b6329d95c05.jpg,この画像のグラフにおいて、No.5の実測値は設計値と比べてどのような差がありますか？,設計値より低い,データが不足している,設計値より高い,設計値と同じ,1
862d7f5d-f35b-4a98-9087-d08f3342637c.jpg,Which category has the largest representation in the 'Books by category' chart?,Arts & Recreation,Philosophy & Psychology,Fiction,Social Science,3
8da982a0-1a7f-4a01-b4b3-6093f79f1f77.jpg,2017年度のJリーグクラブの中で、営業利益が最も高いクラブはどれですか？,神戸,鹿島,浦和,G大阪,3
10e89405-d641-42ad-812c-80f20ffd2c37.jpg,この図において、等級制度と評価制度の間で明確にされているものは何ですか？,求める人材の明確化,役割に応じた成果,賃金体系の改定,行動評価,2
69c1c720-a75a-48a1-ae65-1d0ace87b6dc.jpg,この路線図に示されている鉄道路線の名前は何ですか？,阪急千里線,阪急京都線,阪急宝塚線,阪急神戸線,2
9e3d2bac-2136-4aa5-ad57-a4e14fe0c8f2.jpg,Which company's flywheel involves 'Lower Wait times and fares' as a key component?,Epic Games,Uber,Etsy,Amazon,2
55b49457-2bf8-49a1-9f51-ee948b9fd6ec.jpg,What is the issue number of the magazine shown in the image?,Issue #8,Issue #5,Issue #6,Issue #7,4
147b6bb8-f522-4bc7-9f71-6985b783a158.jpg,"In the scatter bubble chart, which bubble represents the highest initial price?",Yellow bubble,Small blue bubble,Blue bubble,Red bubble,3
1929fcb9-de9f-474b-acf9-88acb4541c02.jpg,男性の中で糖尿病が強く疑われる割合が最も高い年齢層はどれですか？,70歳以上,60-69歳,20-29歳,40-49歳,1
19dd3bba-ff10-4c15-b35d-fe5be002a616.jpg,11月21日に行われる試合で、横浜泉中央ボーイズが対戦するチームはどれですか？,東日本ガールズ,横浜港北ボーイズ,横浜南ボーイズ,相模原南ボーイズ,4
531a5413-2d21-4a23-9eda-ec5b1c837638.jpg,ペアディナーのチケット価格は通常いくらですか？,"1,980円","6,000円","5,000円","3,000円",2
30a19c04-3657-445d-9046-baa446621933.jpg,この雑誌の表紙に書かれている特集記事のテーマは何ですか？,最新のファッション,美容が私の未来を変える,旅行ガイド,健康的な食生活,2
3fda5090-a54c-46b9-94e0-0a01eb4e9951.jpg,Where is the evacuation assembly area located according to the 1st Floor Evacuation Plan?,In the Admin area,Next to the Athletic Field,By the Attendance office,Near the SCU rooms,2
31c866bf-e4a7-4864-836a-ab7306236876.jpg,What is the size of the kitchen/dining area in the floor plan?,"15'-9"" x 17'-3""","10' x 11'-4""","12'-6"" x 10'-6""","13'-6"" x 13'-10""",3
2f50b031-6c63-4f7b-bb15-339ac4704b72.jpg,What is the main headline on the front page of the newspaper?,Gas & Petrol Price Blow,I.D. Card Victory for Our Veterans,Daisy Dresses on the Dark Side,Brave Heart,4
118dcf1a-792c-416a-8479-4f71b83d2f2c.jpg,Which activity in the value chain is responsible for product and process design?,Human Resources Management,Procurement,Product and Technology Development,Administrative Finance Infrastructure,3
a8c9ea09-b144-4c8a-9cb5-a47304e25672.jpg,Which product contributes the highest percentage to the total profit?,VTT,Paseo,Montana,Amarilla,2
1ff8b3b6-dabb-4e06-b60a-015318fa6b81.jpg,What is the trend in sales for Amiya Dickerson compared to the overall sales from April to August?,"Amiya's sales peaked in April and August, while overall sales remained stable.",Amiya's sales consistently increased while overall sales decreased.,Amiya's sales decreased while overall sales increased.,Both Amiya's and overall sales decreased during this period.,1
6a25c1fb-928e-47a9-bc52-d6822df1c82f.jpg,What event is scheduled to happen immediately after the Bridal Party Intro?,Newly Weds' First Dance,Cocktail Hour,First dinner course served,Welcome toast by Bride's Father,1
b99bc58f-8e3d-4038-a08b-86c311e0b7e9.jpg,Which element in the email layout is responsible for engaging the reader to take further action?,Call-to-action buttons,Your brand logo,Images and colors,Email background,1
032699a6-a96f-4085-9a35-64147ceebcaf.jpg,果物の中で、売上高が最も高いのはどれですか？,梨,リンゴ,みかん,スイカ,4
11514341-1207-4e37-8bc1-44ab6738e54b.jpg,2009年の日本の実質GDP成長率はどのくらいですか？,-5.7%,4.1%,-2.1%,2.2%,1
cb129188-2a05-4881-baea-6bf6136b3ef0.jpg,この地図上で、駅務室はどの色で示されていますか？,緑,ピンク,黄色,青,4
1ceb08a2-c8c2-4af6-803b-4aebc42970d8.jpg,5月の売上個数はどのくらいですか？,140,160,100,120,1
31772770-9e10-44ab-a0af-583fea64ced1.jpg,この広告で提供されている無料キャンペーンの期間はどれくらいですか？,3ヶ月,1週間,1年,1ヶ月,4
7141385f-7b1c-4c05-9dc5-7921c2a22415.jpg,このチラシによると、グランドオープンの日付はいつですか？,6月20日,8月10日,7月15日,5月30日,1
6709f51b-07bc-4766-a602-00357acb3146.jpg,この画像における業務プロセスの流れはどのように説明されていますか？,受注から製造、販売の順,販売から受注、製造の順,販売から製造、受注の順,製造から販売、受注の順,1
8deb40d1-4750-44c4-87aa-757b0a7b9208.jpg,Which subject shows the highest proficiency in the green line?,English,Math,R-coding,Biology,3
6159d5a3-84d0-4953-aa23-108616516d20.jpg,どの色の円が最も大きいですか？,赤,黄色,青,緑,1
95f1962f-4d81-4937-977d-c37032cc3d86.jpg,この図において、電力が最初に送られる設備はどれですか？,発電所（発電設備）,送電線（送電設備）,キュービクル（受変電設備）,変電所（変電設備）,1
126f648e-d6ce-45e9-b239-88dbae8f87f6.jpg,この家系図で、最も上に位置する人物の名前は何ですか？,鳥津太郎,鳥津次郎,鳥津三郎,鳥津四郎,1
c4d916d2-f5dc-460e-bbce-0557b25fa5be.jpg,Which class is responsible for updating the book information in the system?,Vendor,Books Database,User,Librarian,2
622a655b-ed25-468a-a79a-16cd8896d087.jpg,What is the main theme of the GQ magazine cover?,Summer Fashion Trends,Men of the Year,Top Travel Destinations,Healthy Living Tips,2
669115a5-eef0-49e8-a3f4-d83fef99d791.jpg,What is the completion percentage of Task 3 in Phase 1 by July 17?,5%,95%,20%,100%,2
7eec795a-caa6-4a7c-8167-71d91099270b.jpg,かぜ症状がある場合、まず何をする必要がありますか？,薬局に行く,直接来院する,電話で受付に連絡する,オンラインで予約する,3
50e7408d-e1ff-4153-8451-9c51edaf953c.jpg,Who is scheduled to deliver the opening remarks during the General Assembly?,Engr. Sandjib D. Caguimbaga,Kurt Colley Cayunda,Dr. Danilo P. Dadula,JPSME Pres. Jimarie B. Areno,4
dd32ec58-72e5-4aa6-89e1-4bea23a737c8.jpg,サービス業バリューチェーン分析における主活動の一部として、次のうちどれが含まれていますか？,顧客ニーズ分析・サービス企画,調達,人事・労務管理,全般管理,1
e58caa56-314d-4c32-96f2-8de4cfbe0ad3.jpg,3階にある部屋の中で、中央に位置しているのはどれですか？,受付,倉庫,休憩室,会議室,4
67bb4509-fffe-4f2d-9b13-0b48fbdbc057.jpg,3階にある部屋の中で、産業振興室はどの番号ですか？,4,2,1,3,3
c74764c4-3f1e-4b4a-8ef6-695d73ad2416.jpg,名古屋駅からマーケティングアソシエーション名古屋本社までの最寄りの出口はどれですか？,名古屋駅1番出口,名古屋駅14番出口,名古屋駅3番出口,名古屋駅5番出口,2
a16ef973-eb0e-495a-a4a9-fcc2ca98f7c5.jpg,平成30年における福島県のメタボ該当者の割合はどれですか？,18.1%,14.4%,12.8%,15.5%,1
a5fb5f94-bd5b-4243-9aa8-c92d4c47c3b1.jpg,農場ピクニックの運営を担当しているのはどの組織ですか？,株式会社いただきますカンパニー,企業・自治体,地域のシニア,メディア・旅行会社,1
4204f017-dbe1-40b0-8877-9eb17b15a3bd.jpg,避難経路図において、R.A.C.EのCは何を意味しますか？,火災の広がりを防ぐため、窓やドアを閉じる,ビルから離れる,他人に警告をする,人を連れて危険から離す,1
818eba01-fb7f-4a9c-b3a9-701c8c4b0b5b.jpg,この意識調査で、選挙に行くと答えた女性の割合は何%ですか？,7%,16%,19%,4%,1
f4c6bc79-b35d-4b40-9f1a-359d3b4590a0.jpg,この画像において、坂本龍馬に関する新しい解説が書かれているのはどの部分ですか？,怪獣生物学入門,税のタブー,新説 坂本龍馬,危険な「美学」,3
337e6b8e-785e-4b3a-b40e-b852fec19a25.jpg,この雑誌の発行月はいつですか？,6月,4月,3月,5月,4
528754b9-f5b7-4913-88aa-64e3fd81b00f.jpg,この座席表において、正面3扉の前にある座席の列は何列ですか？,6列,8列,7列,5列,3
dec1cf09-3962-4ec8-8082-376d56b125fb.jpg,12月31日（土）の18:00に放送される番組は何ですか？,プレイバック洋楽HITS ♪,らがばVOICE,Bluegrass Time,心のオアシス総集編（2）,3
0ea7f1e4-b897-4c18-ad3a-cdbfeaf9b995.jpg,レンタルスペースEDENの最大収容人数は何人ですか？,30人,20人,40人,50人,3
c1c7ce5d-d1c9-4ed6-82dd-88fc7130d3f4.jpg,この画像の中で、2月のイベントとして紹介されているものは何ですか？,ひな祭り,新年会,クリスマス,節分,4
05fc4f2a-edf0-4ea6-8958-60c1e1e1f448.jpg,この座席表で、S席の合計座席数はいくつですか？,390席,1368席,834席,144席,2
0f6fc209-749a-41e3-9a90-d7ee62c11acf.jpg,身長が最も高い人のテストの点数は何点ですか？,94点,75点,100点,58点,3
ef8e0202-310d-4824-b8be-96c0eeaebb4d.jpg,Which month has the highest percentage in the donut chart?,MAY,JUL,MAR,JAN,3
c1a904a0-e5b4-4c33-be04-3ce1f76fac55.jpg,この雑誌の表紙に書かれている特集のテーマは何ですか？,最新テクノロジー特集,文化系スポーツウェアのルールブック,春のファッション特集,夏の旅行ガイド,2
65507ef7-9b07-4a10-b28e-e62b589b1db3.jpg,During which period did the US GDP experience a significant decline according to the graph?,Internet Stock Bubble,Persian Gulf War,Korean War,1929 Stock Crash,4
9a5e22dd-062b-471a-afc6-71d6b698aad1.jpg,図面の中で、アンカーボルトの位置を示す記号はどれですか？,X0,Y1,アンカー,FG1,3
fe35721c-79cf-4822-97df-7a6229e63347.jpg,What percentage of rural households cite 'No Computer or Computer Inadequate' as the main reason for no high-speed internet use at home?,19.0%,22.3%,16.3%,11.1%,3
28ecaee5-c812-4aed-a483-ff0413bf2bc7.jpg,"このユースケース図において、""ユーケースA""はどのように拡張されていますか？",条件Bによって拡張される,条件Aによって拡張される,条件Dによって拡張される,条件Cによって拡張される,2
092ba6bf-fdd2-44f1-b1bc-fb02cb629433.jpg,Which category of 'pen sold' has the highest price according to the vertical bar graph?,two,three,four,one,3
eed8113a-8b8e-476f-9a6d-3389ae48e35f.jpg,この雑誌の特集テーマは何ですか？,帽子,スニーカー,バッグ,時計,2
22ab093c-0063-4ef3-b1fa-d41ec888445c.jpg,このセミナーの主催者は誰ですか？,札幌市中央区,アドラック,安全食協会,料理研究家,2
b9afb121-efe5-4e1f-b51d-2e1b24e042a6.jpg,What is the total length of the elephant drawing from the leftmost to the rightmost point?,150 units,200 units,171 units,180 units,3
7f01316e-675b-4d44-9ea4-c7610c65a000.jpg,What is the sample length for Batch 1 at Test number 5?,40 mm,50 mm,30 mm,20 mm,3
205a6f75-6985-471c-a9f8-c7ae0c5e3d1f.jpg,6階にある部屋の中で、601会議室の隣にある部屋はどれですか？,総務課,危機管理課,市長公室,政策調整課,4
0e26af5a-c6c1-4b9c-8f07-988d2f5d0a51.jpg,画像によると、海からの蒸発は全体の何パーセントを占めていますか？,78%,22%,14%,86%,4
f4417a24-8331-4bc6-bb12-b76995b91b89.jpg,この広告で強調されている製品は何ですか？,アイシャドウ,リップスティック,ファンデーション,マスカラ,2
272e770f-3939-4867-ae87-d8a5737f8b8f.jpg,What is the main theme of the newspaper mockup shown in the image?,Sports News,Travel Guide,Photorealistic Advert Mockup,Financial Report,3
c58b6fda-2031-40c5-a82f-3f54b02bfd79.jpg,阪急茨木市駅から阪急高槻市駅までの間にある駅はどれですか？,阪急千里丘駅,三島郡役所前,市民文化ホール前,阪急南茨木駅,3
f0dbd813-77d6-404b-95e4-5b89f505a6c5.jpg,この雑誌の表紙に書かれている月は何月ですか？,4月,5月,6月,7月,3
b8172807-df93-4cd1-9929-8d5cece056d6.jpg,このキャンペーンでプレゼントされるものは何ですか？,ピザ,ビール,チョコレートチャンクピザ,チョコレート,3
594416a0-f8f6-420d-87ac-0247409fb1c4.jpg,"What should you do if a message requires action, you need it today, but cannot finish it in the next 3 minutes?",Defer it,Delete it,Archive it,Leave it in your Inbox,4
7fca7f69-04b2-402f-baad-0db85c18648f.jpg,Which room is directly connected to the Great Room and has a vaulted ceiling?,Kitchen,Outdoor Deck,Master Suite,Library,2
a2d79172-5ffc-4618-a0cd-6792ae91768a.jpg,What happens if the invoice does not meet the requirements after review?,It is processed for payment.,It is placed in the payment queue.,It is returned to the supplier.,It is approved without further action.,3
7219b949-7771-4496-b8f9-d26d8011ca8a.jpg,このオーケストラコンサートはどこで開催されますか？,名古屋国際会議場,iichiko グランシアタ,東京ドーム,大阪城ホール,2
44f66fcb-7aba-456a-8e1e-9c6899030956.jpg,Which service showed the most improvement in ranking from 2014 to 2017?,Service D,Service G,Service E,Service H,3
f8bf1325-b35b-4b09-84de-574b828e673b.jpg,Which station is closest to the Otemachi Financial City South Tower?,Marunouchi line Otemachi Station,Mita line Otemachi Station,Tokyo Station,Chiyoda line Nijubashimae Station,1
c888fd15-b8ce-49eb-a1af-1ccc2c856fb9.jpg,"In the TOGAF Maturity Analysis radar chart, which process area has the highest long-term goal score?",IT,Methods,Goals,Strategy,4
e512fff2-67e8-4890-84b7-fd9c91710c19.jpg,このテレビ番組表で、午後8時に放送される番組はどれですか？,イッテQ！,FNNスーパー ニュース,NNN News リアルタイム,未来の世界を救いたい,1
924d55ce-2e53-4fe9-800d-ee10927fe00c.jpg,グラフの中で、最も高い売上を示している店舗はどれですか？,銀座店,新宿店,池袋店,渋谷店,2
abf4328c-fb76-4415-b266-b589a315b142.jpg,この雑誌の表紙に書かれている特集記事のテーマは何ですか？,最新のファッション,健康的なライフスタイル,旅行のおすすめスポット,アナタを変えるモノとコト,4
20dcbb15-24bb-4ef7-ab30-6193837ba2d5.jpg,好きな教科として最も多く選ばれた教科はどれですか？,英語,社会,数学,国語,3
a856b9a3-812c-4802-80fa-bbb91b1be68f.jpg,どのプランが 'Ne mutat eruditi per' の機能を提供していますか？,Premium,Standart,Basic,Starter,3
1b49c3d2-abdf-44da-b38e-6c0effa48e64.jpg,Which piece in the program was arranged by Tim Farrar?,"Clarinet Concerto in F Minor, op. 5",Tale of the Oyster,There is a Place for Love,Stelle cadenti,3
46cb3d10-30c4-4699-8248-bb09a1a3e637.jpg,この画像におけるOJT制度の特徴は何ですか？,自己学習制度,グループ研修制度,1対1のエルダー制度,オンライン学習制度,3
81248f78-d04b-4bfb-a241-d82f714dbde9.jpg,What is the total area of the Living Room and Master Bedroom combined?,700 square feet,500 square feet,800 square feet,600 square feet,4
f817b5ca-2650-41a2-b3e5-5af49d2133f8.jpg,どのカテゴリが最も高い平均値を持っていますか？,すべて同じ,ラッパ,りんご,ごりら,4
2eaf2290-edfb-4488-8be0-4b80eb4f571a.jpg,この図において、各プロセスのコストが最も高いのはどのプロセスですか？,販売,購買,生産,研究開発,3
b2bd46a8-1efe-4ba8-881e-cf1f8398f8ef.jpg,この図面における便器の全高はどれですか？,1065 mm,573 mm,720 mm,395 mm,1
5bf05fb7-43c4-4347-b222-1b52fd5a817c.jpg,アクセラレートプログラムの事業ステージにおいて、ポストシード・アーリー段階での活動はどれですか？,ピッチコンテスト,ビジネスモデル実装,マネタイズスキーム検討,追加投資,2
e8f95e7c-d38a-4d8b-be8c-970a28f11bdb.jpg,What is the name of the road that leads directly to Siesta Key Village from the north?,Midnight Pass Rd.,Ocean Blvd.,Columbus Blvd.,Beach Rd.,2
661fd388-bd0c-44ce-8416-0b3e7b05b5d5.jpg,What is the main theme of the advertisement in the image?,Promoting a new computer mouse,Highlighting the importance of recycling,Encouraging digital detox,Advertising a beer brand,4
62fad0dc-c4ed-49d9-9b8f-6c08de20a660.jpg,東京モノレールのHaneda Expressはどの駅からどの駅まで運行されていますか？,Ryutsu CenterからShowajima,Haneda Airport International TerminalからHaneda Airport Terminal 1,Monorail HamamatsuchoからHaneda Airport Terminal 2,Tennozu IsleからShin Seibijo,3
28c00a01-a466-485f-a5f3-b8d2d51c7eb6.jpg,このフローチャートにおいて、注文が完了した後に行われるアクションはどれですか？,サービスをリクエストする,注文を配達する,注文を入力する,注文を受け取る,2
ddc2c5cc-49ab-4c8f-a552-88733211ecd3.jpg,このポスターで強調されているハラスメントの種類は何ですか？,モラルハラスメント,パワーハラスメント,すべての上記,セクシャルハラスメント,3
e463c59f-cf07-4f19-b5f6-a4fda9c71c00.jpg,この避難経路図において、非常口のアイコンはどのように示されていますか？,青い四角に白い電話のアイコン,黄色い四角に黒い人のアイコン,赤い四角に白い矢印のアイコン,緑色の四角に白い人のアイコン,4
dc867c16-009e-4971-af0a-f328530f6f71.jpg,この円グラフで、最も割合が大きいカテゴリーはどれですか？,果物,ドリンク,魚,パン,2
ed601398-5c35-4bab-8d04-0afee89eab5d.jpg,広島県の中小規模法人部門の認定数は2020年から2021年にかけてどのように変化しましたか？,少し増加した,変化なし,減少した,大幅に増加した,4
19941943-bbee-4d1e-8547-145069a6d899.jpg,御堂筋線（M線）と中央線（C線）が交差する駅はどれですか？,本町,なんば,梅田,心斎橋,1
b8cbc92a-bc1d-43ee-9d07-2bcc4412bfe4.jpg,What is the maximum power limit for the 20 Meters (14 MHz) band for General class licensees?,500 watts,1500 watts,1000 watts,200 watts,2
353477ba-5c8e-42a0-ab55-229ba077559b.jpg,What is the next step after the 'Approve' decision if the decision is negative?,Done,Start,Execute,Reject Email,4
a7c7b6bc-be0b-4d1a-b963-020c7aa5c5a5.jpg,このクラス図において、社員クラスが持つメソッドはどれですか？,営業を行う,システム開発を行う,勤怠入力をする,財務処理を行う,3
f15158b0-9b47-40fb-bf77-121c0b769ec9.jpg,この画像のタイトルは何ですか？,プロのデザイン技術,デザインの基本,デザインの秘訣,やってはいけないデザイン,4
49da83a1-09c1-4ad8-945c-32a15229626d.jpg,商品Cの価格はどれですか？,"2,800円","2,500円","1,700円","3,000円",2
c1a182d1-8192-4812-9356-fea645bb071b.jpg,この散布図において、利益が最も高い顧客の売上はどのくらいですか？,"約800,000円","約1,400,000円","約600,000円","約400,000円",1
94b5dfc0-85ac-48f8-901e-802a777c9ff7.jpg,このトーナメントでアルゼンチンが決勝で対戦したチームはどこですか？,ブラジル,モロッコ,クロアチア,フランス,4
10d172b7-4282-4734-b62f-45bcafcaa691.jpg,どの年代の入場者数が8月に最も少なかったですか？,40代,30代,20代,50代以上,4
683ed328-1f85-4895-9abe-bcbd8c8b388a.jpg,Which restaurant has the highest score in Food Variety?,Restaurant 3,Restaurant 2,Restaurant 1,All have the same score,2
342966f9-90d7-441b-9bc8-e62aa2d743c2.jpg,この広告で強調されているのは何ですか？,新しい教科書,無料学習対策,スポーツイベント,オンライン授業,2
782c17c4-2b56-42c0-8550-af9ea48c4934.jpg,Which section is directly opposite to section 105 in the seating chart?,Section 111,Section 101,Section 115,Section 110,3
e4dc4820-50f8-4b06-9813-5b581cba278e.jpg,Which car brand showed the most improvement in 0 to 60 mph performance from 1992 to 2004?,Mercedes,Saab,Mazda,Chrysler,1
b6b0588c-cb5c-4dea-9d04-179c6ac248b5.jpg,平成31年3月の商品の合計販売数はいくつですか？,38,36,42,40,2
a4c1ba4f-70f1-4136-a8c3-6ba01a8d0c2e.jpg,Which category shows the highest value across all datasets in the radar chart?,Battery Capacity,Weight,Design,Speed,1
6aa644b8-e98f-4f13-9333-fbdf9dc023a6.jpg,画像の『Before』と『After』のシステムの違いは何ですか？,メールの使用増加,ファイル管理の複雑化,手動から自動への移行,予算の精度低下,3
713b4815-438d-4184-a949-04b2c0b2bf24.jpg,Which type of bar graph is best suited to compare the total number of children who prefer each color across different grades?,Horizontal Bar Graph,Stacked Bar Graph,Vertical Bar Graph,Grouped Bar Graph,2
cbd1baac-517c-423c-8ea5-dfaaf174595a.jpg,"In the post-production workflow diagram, which process is directly linked to 'Transcoding' in the Data Management section?",Delivering Files From Location,Backup & Archiving,File Naming & Tagging,Final Cut & Picture Lock,2
b7192074-7b97-4bc6-9fcc-658d6427a3d6.jpg,午後9時に放送される番組はどれですか？,報道ライナー,旬のハイウェイ,ニュースウォッチ9,アキラのほめら,3
2a8ca22f-9a44-42da-95b3-b6ad4519883b.jpg,インボイス制度において、課税事業者が行うべきことは何ですか？,インボイスを保存する,インボイスを発行する,インボイスを廃棄する,インボイスを受け取る,1
c2a18dc9-afe9-461a-a84d-1000807a4c1b.jpg,製造本部の下にある部門はどれですか？,経営企画部,品質管理部,人事部,広報部,2
11f0d22e-2e31-4280-9f12-ca2e84c95030.jpg,What is the subtitle of the movie depicted in the image?,Rise of the Beasts,Dark of the Moon,Age of Extinction,The Last Knight,1
9453bfe8-1699-4d01-82ad-6b150ea7e5d5.jpg,Which access point on Silver Creek is managed by the Bureau of Land Management and allows overnight camping?,Priest Rapids,County Road Crossing,Point of Rocks,Kilpatrick Bridge,1
773d35d4-8494-4496-bb9d-feee88e11c07.jpg,6月の札幌支店の売上はどれですか？,"1,230","1,913","1,367","1,503",3
343084fc-6489-4a49-aa45-6f4d5cdcdc4d.jpg,Which type of diagram is used to model the lifetime of an object from creation to termination?,Statechart Diagram,Activity Diagram,Class Diagram,Deployment Diagram,1
2997d7e1-cfdb-4f1c-b4cd-8886a2f14d00.jpg,What feature is highlighted by the orange circle in the map?,Water Treatment Facility,Recreational Park,Industrial Zone,Residential Area,3
d1a36a8e-baf9-4720-970f-9ee4a4eebacd.jpg,このグラフは何を示していますか？,農作物の収穫量,農業従事者の年齢分布,農家数の推移,農地面積の変化,3
ec0ca38a-e630-4cf4-84cf-5cedec2992b7.jpg,Which pie chart section corresponds to the largest bar in the bar chart for Chart A?,Green,Blue,Yellow,Red,3
94ba5a34-a4a7-40b0-b129-3c8abb8a67ef.jpg,What is the primary color used in the background of the poster?,Red,Yellow,Green,Blue,1
f6606199-a0cd-4d7e-838b-4dc59471bde6.jpg,60代の女性の割合はどのくらいですか？,73.4%,60.1%,67.5%,69.2%,4
75926da9-c29a-4f17-b042-d7cc3eaa7ec5.jpg,What is the total area of the kitchen and living room combined in the sample floor plan?,372 square feet,400 square feet,350 square feet,312 square feet,1
c3e273e4-0558-4534-85c5-c725b61e888b.jpg,この地図上で、広島市の中心部を通る高速道路の番号は何ですか？,4号線,2号線,1号線,3号線,2
b5d02a56-7446-4cb7-b849-dc0f8493f4d8.jpg,"In which year does the timeline indicate a focus on innovation, as suggested by the icon?",2019,2016,2018,2020,4
e051c189-446e-435e-be2f-26b1cf2a8e91.jpg,この図において、心臓から出た動脈血が最初に流れ込む臓器はどれですか？,肝臓,腎臓,小腸,脳,4
2db79bcf-a324-497d-a8e2-f72c9ab3b962.jpg,「スポーツ ライブ」の検索人気度が最も高かった年はどれですか？,2017年,2020年,2019年,2018年,3
203be3da-7c27-4b4c-b3cc-486b8347c3e5.jpg,Which class is responsible for handling database connections in the diagram?,ManagePage,ConnectToDatabase,ManageProfile,ManageAdBanner,2
1ffd7152-43e5-4cc5-82de-4826f23a4c99.jpg,What does the scatter plot suggest about the relationship between ground living area and sale price of apartments?,There is no relationship between ground living area and sale price.,"As ground living area increases, the sale price tends to decrease.","As ground living area increases, the sale price tends to increase.",The sale price is constant regardless of ground living area.,3
bbdb7533-7ab7-4777-87b8-17e2ffdcaa71.jpg,Which software development model is associated with Agile Development?,Extreme Programming,V-Shaped model,Spiral Model,Waterfall model,1
0cd5cd98-896c-4d95-be44-170d5b5df281.jpg,この図面の右上に記載されている基礎断面詳細図の縮尺は何ですか？,1:100,1:20,1:50,1:10,2
d779c11d-a07c-49e1-a13f-07095c358d87.jpg,What is the purpose of using linked text boxes in the newsletter template?,To print the template from the file menu,To insert images into the document,To change the style of any paragraph,To allow articles to flow continuously across pages,4
1b009eb5-b80d-4b6b-83d5-023a10873899.jpg,Which stage in the New Media Value Chain is associated with reduced hosting costs and WiFi?,Aggregation & Publishing,Distribution (Fixed & Mobile),Content Creation,Customer Environment,2
a67d26ca-4296-4dba-bd5e-cdc04eb7242c.jpg,この広告で、12月21日限定の割引率は何割引ですか？,6割引,4割引,3割引,5割引,4
5be99aa7-1cef-4d12-810c-986ceebad5b9.jpg,What is the main purpose of the teacher newsletter template mentioned in the image?,To advertise new school construction,To provide a layout for school newsletters,To announce upcoming school events,To discuss the economics of flooring materials,2
6aac6434-5752-4f63-a558-8f97ee928171.jpg,上皿てんびんの歴史について、古代エジプトでどのように使用されていたと説明されていますか？,宗教儀式で使用されていた,農業の測定に使用されていた,商取引での重さを量るために使用されていた,建築物の設計に使用されていた,3
de7cf8e3-9552-41eb-a518-ed13c48ba37a.jpg,Who is directly above 'Me' in the family tree?,Mother,Brother,Sister,Father,4
4e56c0d5-bef9-40ea-88eb-bc91b53a0692.jpg,このグラフにおいて、補助金の支給によってどのような変化が起こりますか？,需要曲線が右にシフトする,供給曲線が左にシフトする,供給曲線が右にシフトする,需要曲線が左にシフトする,3
fa08cd1a-a2c7-4629-9225-7e452118bd9d.jpg,Which ice cream flavor is the least popular among the respondents?,Rocky Road,Chocolate,Strawberry,Cookie Dough,2
a02fd035-f798-4a52-b818-63bb1712995c.jpg,What percentage of the crew did not survive according to the chart?,45.2%,11.2%,35.4%,29.8%,1
b75f0960-430e-4d8e-8688-e85cdd764875.jpg,What is the primary theme of the flyer template shown in the image?,Business Networking,Healthcare Awareness,Real Estate Promotion,Educational Seminar,1
3e21db4f-9420-4cd5-a39b-03867368755b.jpg,What type of plot is shown in the image?,Histogram,Scatter plot with regression line,Bar plot,Pie chart,2
08145b20-8ffe-4d43-8aae-7fe2d0a9ed07.jpg,What is the next step if the CPC is not good after measuring the impact from SEM ads?,Whiteboarding ads,Bid on the same set of keywords on Instagram,Design ad variants,Ship Optimizely for A/B testing,2
ee67effc-df33-4f65-b715-4117907a79a6.jpg,このグラフで、2020年に最も大きな割合を占めている色はどれですか？,青,緑,オレンジ,灰色,1
4b56e529-e034-412d-86b9-cedfaf234c87.jpg,Where is the Twisted Food Truck now available?,At the City Mall,At the Downtown Plaza,At S.I.T.E & UCU Food Court,At the Central Park,3
2f066f4c-b193-4dde-b7ba-5fb324dc730b.jpg,2014年から2020年の間で、電子出版物の市場規模が最も大きかった年はどれですか？,2020年,2015年,2019年,2017年,1
2ce1cb00-5f3c-41fe-af59-6153f41ee554.jpg,What is the average number of runs scored across all matches?,60,62,61.5,61,3
4822dc5c-7270-4a3f-b575-f041883c4c27.jpg,通常の業務時間外の場合、どのようなアラートが送信されますか？,担当技術者の対応を促すアラート,リマインダーの送信,サポートチームの対応を促すアラート,チケットが割り当て済みかの確認,1
3e9f187a-01c4-493d-b18e-05e3b8c7ec6d.jpg,チョコ、クッキー、ケーキのすべてが好きな人の数はいくつですか？,4,5,3,6,1
314f213d-4a57-4b44-879d-7df52322ac19.jpg,What technical indicator is primarily used in the chart to analyze the price movements?,Fibonacci Retracement,Bollinger Bands,Relative Strength Index (RSI),Moving Average Convergence Divergence (MACD),2
3e601d8a-365c-4f58-b67a-cd9020645778.jpg,What is the cost for High School Girls in the FCX High School Program?,$1500,$2100,$1815,$1995,4
5ca8da79-2839-4b3a-b152-13ff313bb65c.jpg,What is the market share percentage of the segment represented by the Android icon in the largest pie chart?,30%,45%,12%,13%,4
a2a24730-bf18-4f75-ac6b-37dbb25b6e22.jpg,What product is being advertised in the image?,Chocolate,Tea,Spices,Coffee,2
1448ad18-59f1-47aa-afbd-f6cdee4cd061.jpg,このグラフにおける2020年の年次指数の値は何ですか？,100,95,102.3,105,1
4d774f6e-9c70-493f-b15c-f8e89fa01f76.jpg,2014年から2017年の間で、電気代が最も高かった年はどれですか？,2016年,2015年,2014年,2017年,3
7df655f1-be24-4ae8-bbd7-5062064350f4.jpg,NETSTAGE/FICの全銀RC接続オプションにおいて、論理回線単位に最大いくつのLCNが接続可能ですか？,4個,10個,8個,6個,4
364542cc-d025-4f06-89f1-7ba4e1963d47.jpg,Which task is scheduled to start in Q2 2018 under the 'Content (Margaret)' category?,Finalize training materials,Write ebook for the sales partnership,Publish blog post for sales reps,Build and write integration page,3
8e61f82e-9eb0-435d-b909-2ccf2d6328f9.jpg,この雑誌の表紙に書かれている特集の1つは何ですか？,旅行ガイド,Ray MODELS PHOTO ALBUM,夏のファッション特集,冬のスキンケア特集,2
7f4abab2-4fe1-4988-8292-0f301b3b88b5.jpg,このシステム構成図において、kabuステーション専用ウェブサーバはどのような役割を果たしていますか？,発注管理システムRAIDEN用アプリケーションサーバ,一般・ログイン用ウェブサーバ,kabuステーション専用フロント,システムFX専用ウェブサーバ,3
f2647065-ac60-405c-bbd4-f5f07fb792e5.jpg,図解を読む7ステップの中で、最初に見るべきものは何ですか？,中央の横列,矢印,四隅,中央の縦列,4
c51c7054-5fa4-41d9-a715-49d8f212a32c.jpg,このER図において、'従業員'と'雇用者'の関係はどのように表現されていますか？,1対多の関係,多対多の関係,1対1の関係,多対1の関係,4
92c7559a-9320-4764-85cc-66d03df957cd.jpg,What is a key difference between project management and program management according to the image?,"Program management optimizes for multiple projects, while project management focuses on delivering a project timeline.","Project management focuses on a portfolio of projects, while program management focuses on specific projects.","Project managers work with multiple stakeholders, while program managers work with specific stakeholders.","Program management is concerned with short-term goals, while project management is aligned with long-term objectives.",1
8e949669-142a-4d08-9141-54670e710e89.jpg,Which building has the highest total value across all categories in the area chart?,Bhargava Building,Barfod Building,Boren Building,Billingsley Building,2
69447d67-c8cc-4023-a5dc-a12822773f0e.jpg,円グラフで最も大きな割合を占める動物はどれですか？,とり,うさぎ,いぬ,ねこ,3
37e25ac9-a25b-4675-a1d4-0b15a53efa70.jpg,この広告で提供されている特典は何ですか？,無料の教材,無料の授業,無料の体験レッスン,入会費無料,4
cd011da8-18be-4c73-93bd-98b5b9e6880d.jpg,グラフのタイトルは何ですか？,スコアの分布,スコアとハンデの相関,ハンデの変化,データの傾向,2
7bb0b122-1c93-4c57-aa5a-938f407a9400.jpg,このビジネスモデル図解において、e-Paletteはどのような役割を果たしていますか？,大型ハブから小型ハブへの輸送,物流事業者から個人への配送,個人から物流事業者への支払い,小型ハブから個人への直接配送,2
59b49de0-f7d1-432e-ada7-c29cabf88fee.jpg,Which organization has the most technical features implemented?,Organization Competitor 02,Organization Competitor 01,Our Organization,Organization Competitor 03,3
bfcc982b-0370-439c-bb0a-9ff7e6536af0.jpg,UrboLabの活動の一つである『観光ツアーまちゲー』はどの地域で行われましたか？,自然体験,地域未来,地域密着,地域共生,4
6abb25e7-1998-4bba-879a-8f58774a462f.jpg,Which bubble represents the highest value on the y-axis?,Bubble with value 55,Bubble with value 63,Bubble with value 62,Bubble with value 60,2
ff6f875f-250e-43aa-a3b7-a5598bc2d637.jpg,この画像に写っている駅の名前は何ですか？,青空駅,深戸駅,山の駅,無人駅,2
91a669c0-cd6f-40fe-94bc-61c780dec505.jpg,地震が発生した際の3つの安全行動は何ですか？,立ち止まる、座る、寝る,まず低く、頭を守り、動かない,走る、叫ぶ、隠れる,窓を開ける、外に出る、電話する,2
4a784710-6e84-402e-8368-23481a91cade.jpg,What is the maximum value represented for var.b in the radar chart?,3,6,4,5,4
e6acdb6f-5f43-460d-962c-da0102ddc127.jpg,このメニューで提供されている天ぷら定食の価格はいくらですか？,"1,050円",950円,850円,"1,150円",2
68572de8-4f36-4578-ac7d-53debf0392d5.jpg,地図上で、広島呉自動車道はどの色で示されていますか？,赤色,緑色,青色,黒色,4
679e610a-abdc-4486-88b3-62329d6c8ebf.jpg,What is the main theme of the magazine cover?,Future of decorating,Travel destinations,Fashion trends,Italian cuisine recipes,1
2d4d5200-a417-4407-8422-07a6fd53aaf5.jpg,TYPE-Kの販売数が2.3倍になった主な理由は何ですか？,無料雑誌への広告掲載,機能制限による低価格化,販売スタッフの教育,デザインの一新,4
501de526-45df-4f26-97a1-560b0d170bb5.jpg,"In the sequence diagram, which component is responsible for initiating the payment process?",Sales Website,Payment Authorization,Customer,Customer Server,4
40e3880b-1327-4ce5-a794-4b6fe1d74775.jpg,What is the length of the void inside the Great Pyramid of Giza as shown in the image?,40m (131ft),50m (164ft),30m (98ft),20m (66ft),3
a0ff64c3-d243-4222-9498-372b83849c01.jpg,Who is positioned at the top of the Johnsons family tree?,Cecilia,Joan Mae,Eddie,Andrew,3
8de73d8a-bc12-48ce-bc7f-3839ef00998f.jpg,この間取り図において、和室の隣にある部屋はどれですか？,WIC,玄関,LDK,トイレ,1
ebd698de-5841-4389-8141-8f4e2cc76800.jpg,Which station is the final stop for both train routes shown in the image?,Premià de Mar Station,Calella,Mataró,Sants,1
f42849a2-8140-48cb-b095-76b702f5b504.jpg,Which state in the United States is bordered by both the Pacific Ocean and Canada?,California,Oregon,Washington,Alaska,3
a46e25b7-f25b-4ec8-8c11-414669a55793.jpg,カール・ロジャーズの傾聴の3原則の1つに含まれないものはどれですか？,自己一致,無条件の肯定的関心,共感的理解,批判的思考,4
5df84598-6bb8-4929-890c-0e0f621fd917.jpg,このポスターのデザインに含まれている文字は何ですか？,XYZ,DEF,123,ABC,4
9de05b67-6443-4ebc-91f9-756a823a66d5.jpg,On which day and time is 'PHILO' scheduled according to the Approved Program Grid for DepEd TV?,Thursday at 5:35 - 6:00,Friday at 5:35 - 6:00,Monday at 5:35 - 6:00,Wednesday at 5:35 - 6:00,3
7a1beb47-b5b5-4231-8d7c-0955cae85c63.jpg,イタリア料理スタジオの特徴として正しいものはどれですか？,ファミリー向けでリーズナブルな価格で本格的なイタリアンを提供,地元の食材を使ったオリジナルメニューを提供,高級食材を使用した高価格帯のメニューを提供,OLをターゲットに健康・安心してもらえるメニューをそろえている,4
511647e1-814a-4c5f-a279-04e51d1346b1.jpg,グラフで最も多くの購入があった時間帯はどれですか？,12時,3時,8時,18時,4
57560cd7-4687-46db-b16f-9c7b3567f481.jpg,どのリンクをクリックすると、Ver.27.10の届書作成プログラムをダウンロードできますか？,被保険者情報CDを届書作成プログラムに取り込む際にご確認ください (PDF 881KB),"届書作成プログラム (Ver.27.10) (ファイル：msi 25,082KB)",届書作成プログラムご利用開始までのながれ (インストール手順) (PDF 734KB),届書作成プログラムの更新方法 (PDF 737KB),2
ce6f1078-bcff-45a1-80c9-dbc84df940c5.jpg,この家系図において、'本人'の'孫'に該当する人物はどの位置にありますか？,姻族の上部,傍系の左側,姻族の右側,直系の下部,4
563181d0-1bf7-443a-8c79-fc41e77aa756.jpg,11月のプログラムで、感情コントロールのテーマが扱われる日はどれですか？,11月19日,11月12日,11月5日,すべての日,4
985ab098-a2b0-4f6a-bdf2-a786a940f1c4.jpg,Who is responsible for the 'Dollars for Scholars' segment in the event?,Martha Hawkins,Ralph Dawson,Gray Banson,Rev. Fr. Matthew Perrikins,2
9c2c1589-7b61-4c2f-9b73-1b73c5b9525d.jpg,この画像はどの作品とのコラボレーションを示していますか？,ドラゴンボール,名探偵コナン,ワンピース,エヴァンゲリオン,4
bf935e40-c066-4862-a944-07d4219f55bc.jpg,What is the main theme of the magazine cover?,Winter Sports Activities,Summer Fashion Trends,Holiday Makeup Guide,Spring Gardening Tips,3
a49c35a9-ab55-4959-a10d-c8309d72dd33.jpg,この図において、家庭が要素市場に提供するものは何ですか？,完成品,お金,労働、資本、土地等,サービス,3
b35a884a-1a8c-4b99-a6f7-1fd9d624a5fe.jpg,What is the primary purpose of the loop labeled 'Shifting' in the flowchart?,To compare the current element with the next element,To increment the index variable i,To find the correct position for the current element,To shift elements to the right to make space for the current element,4
eb1e3730-36ff-4bf8-9939-8418b63d408c.jpg,What is the main theme of the advertisement shown in the image?,New packaging design for Fanta,Health benefits of orange juice,Fanta's commitment to sustainability,Fanta's new flavor introduction,1
c3db99a5-ff57-4e1d-9215-ff2176ea3d5e.jpg,What skill level is described as having a strong mastery of the language despite errors and misunderstandings?,Expert user,Competent user,Very good user,Modest user,2
d1d12c2c-b2b2-43a2-a516-e40462038581.jpg,この雑誌の表紙に書かれている特集のテーマは何ですか？,旅行ガイド,最新の美容トレンド,定番をシックに着る方法,ファッションの歴史,3
87789e00-a341-4680-bd95-f0fabec10c42.jpg,このスケジュールで、昼寝の時間は何時から何時までですか？,14:30 - 15:00,12:00 - 13:00,13:00 - 14:30,15:00 - 18:00,3
a7748aa4-9dd7-4e14-897d-ef6a907a7ffd.jpg,この地図上で、現在地はどこに示されていますか？,北西の角,北東の角,中央,南西の角,4
1119e45a-6b26-473b-b1ae-a787341b6910.jpg,このフローチャートにおいて、菱形の決定ポイントから右に進むとどの図形に到達しますか？,菱形,円形,長方形,楕円形,3
95269165-aac2-4b4d-8b9c-0df725d6b41f.jpg,名古屋市営バス路線図において、名東区を通るバス路線の色は何色ですか？,青色,赤色,緑色,黄色,2
622f78e6-c060-4e8b-90d8-3351a7864431.jpg,この図における『支援活動』に含まれないものはどれですか？,全般管理（インフラストラクチャ）,マーケティング・販売,技術開発,人事・労務管理,2
0bf965ed-09d4-436d-af17-0077e9f94cc0.jpg,地図上で、ENOTECA RONDINOの近くにある施設はどれですか？,BISTRO NAGO,BLUE PLANET EXPLORER,アトリエ neco home,SOMETHING'S COFFEEHOUSE,3
f133161b-e815-41de-b29d-82916f54b1ba.jpg,ソーシャルコマースにおける『Interest（関心）』の機能として、ソーシャルではどのような活動が含まれていますか？,商品検索,顧客インサイトに基づく商品説明,購入行動,商品レビューを匿名で入力,2
e35d459d-e8a2-4795-b7a8-48a2b7f68079.jpg,この雑誌の表紙に記載されている特集はどれですか？,秋の紅葉旅行,夏のカジュアルファッション,冬のコート特集,春の花見スポット,2
161928a2-f602-434b-973b-d723199616d8.jpg,Which player earned the same amount of prize money as their position number?,Kreo,Skite,King,Crue,4
090f4ad7-35b0-49df-9d41-a5cbd5ba6b4a.jpg,画像の中で、日次処理（運行後）に関連する項目はどれですか？,運行ダイアグラム,運転日報入力,お客様,倉庫業務,2
5203e672-fd55-45ea-b7da-46a1b92ca41a.jpg,月次推移実績のグラフで、最も高い数値を示している月はどれですか？,12月,1月,3月,5月,1
142e0723-ad87-4ca8-940c-74f900acaa7f.jpg,この雑誌の表紙に書かれている特集テーマは何ですか？,高身長向けのファッション,スポーツウェア特集,冬のコーディネート,普通身長でもオシャレな夏,4
32afc018-8199-412b-be4b-e9577da30592.jpg,What is the average temperature range for Fall according to the chart?,30°F to 40°F,40°F to 50°F,10°F to 20°F,20°F to 30°F,1
efd0c711-55f5-4a6e-b0e9-5dbe9a80ba5a.jpg,Which trophic level is responsible for breaking down organic matter and recycling nutrients back into the ecosystem?,2nd Trophic level (Primary Consumers),1st Trophic level (Producers),Decomposers,4th Trophic level (Tertiary Consumers),3
2f1293bc-b17d-4b5a-a941-84761d680f1c.jpg,What is the release date of the series 'Wandinha' as shown in the image?,15 de Outubro,1 de Dezembro,5 de Novembro,23 de Novembro,4
641396d7-a441-4070-b087-afc72c8cba85.jpg,"In the given diagram of a circle, which term describes the line segment that passes through the central vertex and touches the circle at two points?",Chord,Diameter,Arc,Radius,2
cba5b48d-3f02-4cd8-a890-3b99e935c8c6.jpg,このピラミッド図において、各知識の階層はどのように分類されていますか？,初級、中級、上級,上位、中位、下位,基礎、応用、専門,基本、中級、上級,2
88a81c0b-5fbd-4a44-9ccd-711a4924488b.jpg,30〜49歳のグループで、最も多い回答はどれですか？,どちらともいえない,ほぼ満足,とても満足,少し不満,1
9052c343-9d0b-4c57-a165-5e862cc7a73e.jpg,この組織図において、営業部の下にある課はどれですか？,電算部,国内生産課,第一営業課,インナー課,3
a1c83f70-bd8a-441f-9ce5-593e7eec3c01.jpg,このビジネスモデルキャンバスにおいて、顧客との関係で強調されている要素は何ですか？,少人数での運営,小さな敷地面積,物流コスト,セルフサービス,4
0c616097-eb95-4a3c-bda0-6106a6ac9a8c.jpg,この図において、ローカルSDGsを実践するためのステークホルダーのプラットフォーム化はどの事業に関連していますか？,普及啓発事業,表彰事業,自然資源管理事業,プラットフォーム化事業,4
54f18c7a-bed4-4b4c-8724-09f3ccf2922f.jpg,2年生が最も高く評価した項目はどれですか？,効果的に学習する技術を得る,大学の学生向けサービスを上手に利用する,大学教員の学問的期待を理解する,他の学生と良い関係を築く,4
bcca77b6-85ee-4da0-98b7-24024ebc0cc1.jpg,1980年における第3次産業の就業者数はどのくらいですか？,"約1,000万人","約2,000万人","約3,000万人","約4,000万人",3
a1fc9c9a-97d9-4fa5-a7f5-ca5f2a65ba0d.jpg,Which section is located directly behind home plate in the CoolToday Park seating chart?,Patio,Visitor,LF Lounge,Braves,2
497023e4-d197-4177-b7b3-fa065903545e.jpg,What is the main topic of discussion on Day 2 of the Business Conference 2023?,Financial Planning,How to Start Your Business,How to Grow Your Business,Marketing Strategies,3
aecdcd6e-5951-482b-baa4-07ed75d35f84.jpg,Which management level is responsible for implementing the strategies set by top management?,Top Management,Middle Management,Lower or Operative Management,Workforce,2
9d46149b-787f-445f-a690-85379334a08d.jpg,図1のエンタープライズデータモデルにおいて、取引先系のデータはどのような情報を含んでいますか？,生産計画、製造工程、原材料,顧客情報、取引先コード、取引先名,商品情報、在庫数、価格,注文情報、納期、配送先,2
d21e013f-cbbc-4f1a-a280-19f7cd174e54.jpg,この間取り図において、リビングダイニングキッチン（LDK）の広さはどれですか？,7.2帖,5.4帖,9.7帖,26.1帖,4
4082fe8d-3314-4f91-a0f2-ac6d05b61be3.jpg,このグラフにおいて、Windが10のとき、Tempが最も高いのはどの月ですか？,6月,7月,8月,5月,3
b4ab02ed-43ea-47fe-9485-bf7642e761a1.jpg,この図面で示されている加工の深さは何mmですか？,10mm,7mm,1mm,18mm,3
01ff78a9-c8de-4e53-a242-71bd30cd53c0.jpg,Which component is responsible for handling real-time dispatch requests?,Edraw eCommunications,Order Fulfillment Application,Phone Number Mgt System,Web Server,1
fcd83b1b-9d02-44f8-a189-3a36f6e0701f.jpg,この雑誌の特集テーマは何ですか？,都会でのサーフライフ,デニムの歴史,日本の伝統的な食事,心地よい毎日に必要な100のこと,4
b418fbb6-ed82-4d87-afe9-08246e425092.jpg,What is the main difference between the two charts shown in the image?,Neither bar charts nor histograms can be drawn horizontally.,Both bar charts and histograms can be drawn horizontally.,"Bar charts can be drawn horizontally, but histograms cannot.","Histograms can be drawn horizontally, but bar charts cannot.",3
c559bb27-cfdf-4965-b00f-cef983ec71cd.jpg,What is the main purpose of the image?,To showcase top 10 price comparison chart templates,To display a company's annual report,To advertise a new product,To provide a tutorial on creating charts,1
f4206955-da07-47ef-a35c-6ee9fdd6725a.jpg,Which function is responsible for interfacing with the User Equipment (UE) in the network architecture shown?,Policy Control Function (PCF),Session Management Function (SMF),Access and Management Mobility Function (AMF),Unified Data Function (UDM),3
1789131d-accd-4cdb-b705-edf4d31b3367.jpg,What is the average speed during section C of the walk?,100 meters per minute,125 meters per minute,50 meters per minute,75 meters per minute,4
ca615d07-7123-4d6e-8ae6-8ab1b307a935.jpg,このペアプロットにおいて、売上と利益の関係を示す散布図はどの位置にありますか？,左上,左下,中央上,中央下,3
2778d7e4-83a8-47d4-8e49-c656208c6c41.jpg,この積み上げ面グラフにおいて、2020年の合計値はおおよそいくつですか？,1500,2500,1000,2000,1
e60d31a1-9e1a-4137-baaf-60ec6b5b140b.jpg,散布図1と散布図2の赤い線は何を表していますか？,データの中央値,データの分散,データの平均値,データの回帰直線,4
09e8e9ed-e7b9-4b84-be2e-b4416a8cf59b.jpg,Which Branch Group achieved the highest percentage of actual sales compared to planned sales?,BG 6,BG 7,BG 5,BG 4,2
3c1a77e2-13c7-491a-a871-362884bd918c.jpg,In which month does Activity 3.4 reach its milestone?,February,April,March,January,3
95ea5da1-fcc8-4a41-a1da-566c93790515.jpg,Which individual has the highest sales according to the pie chart?,Derrick,Andy,Bert,Chad,2
fd00181f-2da7-4f65-a097-50360b319579.jpg,このバス路線図において、天白区の中心に位置する駅はどれですか？,植田駅,平針駅,原駅,八事駅,2
f311b0e2-04f0-4ff1-8537-d1027f4f1bbf.jpg,このフローチャートにおいて、生成AIが行う主な役割は何ですか？,インターネットからデータを収集する,ノイズと数値を組み合わせてコンテンツを生成する,類似性を評価してフィードバックを提供する,文章を解析して最適なデータを見つける,2
0320a13e-60bd-458d-99a5-6c973f9dd9ab.jpg,2022年下半期のZ世代が選ぶトレンドランキングで、流行ったYouTubeチャンネルの1位は何ですか？,スカイピース,平成フラミンゴ,コムドット,ばんばんざい,3
71b28cf3-88c0-434e-adb3-6cf822ea5888.jpg,2006年の年間合計件数は何件ですか？,41件,5件,33件,215件,4
616b8c98-e696-4058-b8cb-c5cf316f9b97.jpg,この広告で紹介されているファッションアイテムの中で、最も高価なものはどれですか？,ブラウス,バッグ,シャツ,スカート,2
0491036c-2476-479c-9f63-0059c34f65d8.jpg,この交通費申請書で、2018年12月3日の訪問先はどこですか？,株式会社B,株式会社A,株式会社D,株式会社C,1
067b5aa8-4511-416c-b814-38ea557e8aa1.jpg,この地図で、赤い線で囲まれた区域は何を示していますか？,計画区域,市道,緑地帯,建物区域,1
790df3fd-64ba-4502-976a-57cdb2d74ea5.jpg,What is the main focus of the training secrets mentioned on the cover?,Building leg muscles,Enhancing flexibility,Growing stronger with age,Improving cardiovascular health,3
e4d27960-747f-486d-8a06-8b14ea9b5bb0.jpg,どの車種がデザインの評価で最も高いスコアを持っていますか？,A車種,B車種,D車種,C車種,1
038ee87b-e809-4fd1-8dc7-b9d238488b92.jpg,What is the primary service offered by the company in the image?,Financial Consulting,Event Planning,Graphic Design,Real Estate,3
7f433ea2-4b32-417c-9d6e-ec83db80ab67.jpg,このサイクル図の中心にある番号は何ですか？,02,01,03,04,2
282e7063-797c-4fa7-a79f-50877822f623.jpg,On which floor of the Main Building can you find the 'Van Gogh's Models' exhibition?,Floor 0,Floor 3,Floor 1,Floor 2,3
894b3a08-7bcd-46d2-a95a-2b12768439a9.jpg,このフローチャートで、'処理1'の後に行われる判断の結果が'はい'の場合、次にどの処理が行われますか？,処理1,処理3,終了,処理2,4
a6e9445c-b70a-45ce-8b9e-9e78338ef189.jpg,ACキャンプの利用料金はいくらですか？,"0,000円","5,000円","10,000円","1,000円",1
5d9bfb81-570f-4563-90c1-83978991edd2.jpg,What is one synonym for 'overall view' mentioned in the image?,Essence,Fragment,Component,Detail,1
3cd6b2ae-6484-4295-8b11-f5609aa0fe78.jpg,関西と関東の販売台数の割合はどちらが高いですか？,関西の方が高い,関東の方が高い,同じ割合,情報が不足している,1
5022fa9b-d693-4fe7-a121-b13be4fc0e12.jpg,Which section is located directly opposite section 106 in the arena?,Section 225,Section 110,Section 133,Section 126,4
910fde61-4bd1-4e95-b38d-a0c0e0827f50.jpg,Which magazine is featured in the image?,Cosmopolitan,Elle,Vogue,Harper's Bazaar,2
34e56062-3839-4a9d-a8fe-2cc5395b6332.jpg,定形郵便物の最大サイズの厚さは何センチですか？,3cm,1cm,2cm,4cm,2
3ca0bc4e-e64e-4ab8-8a99-7271d9b1582f.jpg,Which of the following is NOT a primary activity in the value chain model depicted in the image?,Inbound Logistics,Marketing & Sales,Technology Development,Operations,3
b8b5dcc6-a6d2-4bf8-8a12-36d2febe7b48.jpg,避難経路図において、避難口はどのように示されていますか？,赤い矢印,黄色の丸,緑の矢印,青い四角,3
145859b9-dd76-490d-93d4-f131c173c4bb.jpg,In which year does the timeline feature a handshake icon?,1990,2000,2015,2010,2
e4465605-b60c-4bf7-b40a-ea97057b6d4a.jpg,3月におけるプリンターとパソコンの販売台数の差は何台ですか？,800台,600台,400台,200台,3
1562a83d-574f-4010-86f6-621295246869.jpg,地域別の出荷量で、アメリカの出荷量はヨーロッパの出荷量の何倍ですか？,約2倍,約1.3倍,約1.7倍,約1.5倍,2
b427a5e7-b01c-41d5-870d-0622128ae00e.jpg,このシステム構成図において、ユーザー情報のデータ処理を行うのはどのサーバーですか？,タブレット,DBサーバー,PC,Web&APサーバー,2
7054756a-d9ee-48d4-9cb7-41d089b2602b.jpg,このレーダーチャートで、最も高いスコアを示している科目はどれですか？,中国語,数学,英語,地理,1
d6a03e91-3aeb-4764-843f-cb5f4a97d7e1.jpg,月曜日の午前8時に放送されている番組はどれですか？,ズームイン!!サタデー,ZIP!,スッキリ!!,ヒルナンデス!,3
01521395-91b0-48b1-b47c-53113b2787d4.jpg,このビジネスモデル図において、Amazonが提供するクラウドサービスは何ですか？,FBA,Whole Foods,Prime,AWS,4
5eefca28-c569-4cf4-b7f6-b46eb8db86e8.jpg,What is the primary color theme used in the flyer design?,Blue and White,Red and White,Yellow and Black,Green and Black,1
4a0ce83b-9bac-4d2c-a71e-478863e8169b.jpg,どの支店がVHSの単価で最も大きな割合を占めていますか？,福島支店,仙台支店,山形支店,盛岡支店,2
6c2a4b47-22c2-4030-a0c0-4a3e71ad68a5.jpg,Which major highway runs north-south through the center of Mississippi on this map?,I-55,I-20,I-10,I-40,1
f6eec7c8-39fb-4767-9181-665c8e8b94de.jpg,What is the estimated time for evacuation for the area subject to 1 foot of flood inundation after a levee breach?,3 days,2 hours,7 days,6 days,2
b96e8068-654b-485c-b2f2-eed6a3accea2.jpg,What is the first step in the writing process according to the image?,Outline,Grading Rubric,Write the First Draft,Brainstorm,4
bfe7ef16-be9b-490e-a784-a7d3c5fd4670.jpg,6月のプログラムで、6月15日の午後に予定されている活動は何ですか？,フラワーアレンジメント,映画鑑賞,箱庭づくり,自主活動,3
44c08ba0-56cb-4b9c-a699-726d673267a2.jpg,What is the primary purpose of using concentric circles in this diagram?,To illustrate a process flow,To represent hierarchical data,To show a timeline of events,To compare different datasets,2
75b84f12-07e2-4287-b39a-f12276462dae.jpg,What type of software interface is shown in the image?,SketchUp,Revit,AutoCAD,SolidWorks,3
393069e7-0522-453b-9d32-4b007aa70fcb.jpg,ROICの要素分解において、売上高営業利益率に影響を与える要素はどれですか？,売上債権回転日数,研究開発費率,広告宣伝費率,運転資本回転率,2
a45a8367-5e84-4ee8-aa77-367827d3c0dc.jpg,Which brand has the highest rating for Technology?,All brands have the same rating,Brand C,Brand A,Brand B,4
949f20c0-268b-45d4-b8b3-e6ac2af4b0d4.jpg,What is the main theme of the advertisement shown in the image?,Enhancing business productivity with teamwork,Escaping pressure with Fluid Controls valves,Improving fashion with stylish glasses,Reducing stress with meditation,2
5a853672-cb38-4261-aa75-ba08d0007a07.jpg,このイベントはどこで開催されますか？,波崎病院,波崎中央公園,神栖市役所,かみす防災アリーナ,4
4c367e80-d203-4d6f-add8-751082e58869.jpg,Which magazine issue features an article about 'BEST SPRING STYLE'?,The issue with Robert Budreau on the cover,The issue with Charlie Cox on the cover,None of the above,The issue with Justin Timberlake on the cover,2
8eea3229-580f-42ff-99a7-537c567ad6c5.jpg,このフローチャートにおいて、数えられる名詞が複数形で、相手がどれかわかる場合に使う冠詞はどれですか？,a,_s,the,the_s,4
4d86f530-4bc7-46cf-8479-ed5097aef44e.jpg,What is at the center of the deployment model diagram?,Operations Calendar,Service Portfolio,Deployment Model,Brand Identity,3
e0e5c2ef-b755-4d10-b0d1-df62d42f92c0.jpg,『お金が貯まらない』原因として挙げられていないものはどれですか？,浪費癖,投資の失敗,バイトが少ない,通帳を見ない,2
bb343f1d-3a63-4f9a-b401-a4a71968f31d.jpg,この画像に表示されている教科書のタイトルは何ですか？,COMMUNICATION,ENGLISH,DIGEST,ELEMENT,4
94c94f89-edaa-432f-908d-d27b63833827.jpg,"In the class diagram for Bright Smile Surgery (BSS), which class is responsible for generating a prescription?",Treatment,MedicalHistory,Patient,Appointment,1
65a6e556-9ced-4552-90b2-f54f7c713109.jpg,このワークフロー図において、クレジットカードが承認されなかった場合の次のステップは何ですか？,データを入力,請求書を印刷,住所を確認,顧客に連絡,4
10647f28-942e-446d-af8f-329eda1481a6.jpg,Which entrance should hospital visitors use for parking?,Sumter St. Parking Garage,Taylor St. Parking Garage,Hampton St. Parking Garage,Team Member Parking Garage,1
9e89c299-f18a-4ed4-a995-01055a3e7f97.jpg,地図上で『現地』と書かれている場所の最寄り駅はどれですか？,天王寺駅,大阪上本町駅,四天王寺前夕陽ヶ丘駅,谷町九丁目駅,1
ce41650e-d322-4ed9-a879-592fb7c02f1d.jpg,What is the website URL mentioned in the image?,www.webmart.com,www.psd.zone,www.marketingpro.net,www.digitalexpert.com,2
859a14cf-6489-4c36-b379-8d2bb21aeb86.jpg,このシステムで、医師のパソコンから処方せんがどのようにプリントされるかを説明する機能はどれですか？,機能1 振り分け印刷機能,自動でPDFデータ化,曜日で振り分け,機能2 文書管理システム連携機能,1
58d4c2fb-e096-46ed-b8ef-db1833942034.jpg,"In the bubble chart, which age group has the highest average time spent online for males?",9-12 years,5-8 years,0-4 years,13-16 years,1
e250c5d2-d96e-436f-a774-a424e25e199c.jpg,8月の予算と実績の差はどのくらいですか？,約2万円,約1万円,約3万円,約4万円,1
a585c289-685f-42af-bddc-098376aa1953.jpg,この画像において、無料体験施術を実施しているのはどのサービスですか？,BTB脂肪燃焼,ハーブミスト,新規リニューアル,パソコン教室,3
48848c4b-a3cf-4483-9e6a-da4a0b10cd89.jpg,この図において、メールが送信者側のSMTPサーバーから受信者側のSMTPサーバーに送信されるのはどのステップですか？,ステップ3,ステップ1,ステップ4,ステップ2,3
7e716a20-d039-4e6e-895f-c0a85d2200e6.jpg,このベン図において、SEOとPPCの重なる部分には何が書かれていますか？,ビジュアル,フォーラム,キーワード検索,記事,3
b728ff65-2280-4271-9934-11464ccd2c96.jpg,Which support activity in the value chain analysis is responsible for ensuring an integrated supply chain?,Procurement,Infrastructure,Human Resource,Technology,4
a5f3b965-6986-451b-8c9c-c1d6aefe4c40.jpg,Which team won the 2018 FIFA World Cup final?,England,Belgium,Croatia,France,4
9c0d085f-33e6-4e46-97ad-a7e3b8daec96.jpg,この棒グラフで最も高い値を示しているデータはどれですか？,テストデータ: 1,テストデータ: 2,テストデータ: 0,テストデータ: 3,2
04be42d3-97a5-4ef3-a0d3-0c2ec493e5ef.jpg,Which company has the highest percentage in the doughnut chart?,Nokia,Samsung,Motorola,Siemens,1
4510a134-c57f-4ae7-9a25-c38067429fed.jpg,この図において、空調機から出るSAはどのような役割を果たしていますか？,空気を供給する,冷温水を供給する,電力を供給する,水を排出する,1
18571eac-3bff-4f7a-b4ab-6bd024c93bb8.jpg,"Which type of population pyramid is characterized by a broad base and a narrow top, indicating a high birth rate and a high death rate?",Zero Growth,Slow Growth,Rapid Growth,Negative Growth,3
3c9c5e59-438a-4906-8496-23d57f63be26.jpg,Which country has the highest per capita healthcare spending according to the chart?,Germany,United States,Switzerland,Canada,2
add72f03-d0c7-461a-bc57-3e92edd30b96.jpg,Which task is scheduled to start in March and end in May?,Task 01,Task 02,Task 06,Task 04,4
773c1a75-d63a-4781-98e0-650446123d0e.jpg,この路線図において、東急新横浜線の新横浜駅から次の駅はどこですか？,新綱島,横浜,日吉,武蔵小杉,1
5ba5bb05-8752-4be3-9045-835e777657c7.jpg,画像のグラフにおいて、売上高が最も高い年はどれですか？,2017年,2010年,2008年,2015年,1
6a625621-c55e-4e63-863f-aa19d920e673.jpg,Which year shows the highest peak in the data represented by the thick black line?,2018,2019,2020,2021,3
29d53bfe-b4ca-458b-b622-6a5ef3b5cd18.jpg,2022年の実績見込みにおいて、どの国または地域の予測が最も高いですか？,世界全体,中国,米国,日本,2
9a33b1ed-77cb-4cb9-a1b2-ac0b83ace8e7.jpg,What is the main theme of the image?,A cityscape with a giant gorilla,A gorilla enjoying a sunset with a beer,A blimp advertising a new movie,A romantic dinner on a skyscraper,2
4f20cb7c-415e-4594-93f9-0f8906f7281a.jpg,1階の大ホールの隣にある部屋は何ですか？,第5会議室,リハーサル室,展示室,第4会議室,2
49f76434-ccf4-4eeb-80c4-34f28124b7f3.jpg,Which reasoning model is directly associated with the 'TransE' algorithm in the image?,SP (Semantic Patterns),None of the above,KRL (Knowledge Representation Learning),GM (Graph Model),3
6b1e6ad8-85be-472e-9f30-635e10c3ea19.jpg,What is the theme of the Vogue Philippines April 2023 issue as seen on the cover?,Future Trends,Cultural Heritage,Next of Skin,Modern Fashion,3
879bde74-e831-458a-acca-a39f2bf08125.jpg,What anniversary is being celebrated in the poster for 'Return of the Jedi'?,45th Anniversary,40th Anniversary,30th Anniversary,35th Anniversary,2
4aa64678-b130-4cea-bb3e-b0cce5199817.jpg,In which year was the increase in the number of apple trees the greatest compared to the previous year?,2010,2009,2007,2006,3
d09e2b45-b1a5-4620-bb59-052b4d942e22.jpg,Which director is mentioned on the cover for his new Chet Baker film?,Robert Budreau,Deepa Mehta,Christopher Plummer,Theo James,1
f4ab64d1-96bb-474e-8526-f5081883cd4a.jpg,この図で、右心房から右心室に血液が流れる際に通過する弁はどれですか？,三尖弁,大動脈弁,僧帽弁,肺動脈弁,1
5e3ee7d1-2a0d-43d7-bb09-5b92178a83cd.jpg,Which city is located closest to the intersection of Interstate 75 and Interstate 16?,Macon,Augusta,Savannah,Atlanta,1
6c743f06-0888-4213-aaec-9e54da6acfeb.jpg,この画像に記載されているイベントのうち、1月8日に行われるものはどれですか？,1月の生中継,20歳の集い,SDGs円卓会議,映画『やまぶき』公開記念対談,2
f3d6cd95-4303-43a7-b596-69b88ea8c11b.jpg,"全売上に対するRegion A, B, Cの合計の影響額はどれですか？","1,200 百万円","1,300 百万円","1,000 百万円","1,500 百万円",1
1de18c98-6f78-4d2a-8051-cf80e12ff6bc.jpg,What is the time slot for the 3 Minutes Thesis Competition (3MTC) on 01.07.2022?,11.00 am - 12.30 pm,08.30 am - 09.00 am,09.30 am - 11.00 am,02.30 pm - 03.30 pm,3
a88692f3-9235-4a58-8d44-7d60fb92f4a8.jpg,このポスターに描かれているキャラクターが指を指しているのは何ですか？,光る生き物,月,星,雲,1
981184bd-c6b6-4fa5-af17-7cf9a664dd57.jpg,インバータ回路の役割は何ですか？,交流を直流に変換する,直流を交流に変換し、電圧と周波数を可変にする,電力を蓄える,電圧と周波数を固定する,2
0a786e96-1d12-429a-bc56-02c831ea34ae.jpg,オオバナノナガバノキの花はどのようにして花粉を運ぶ虫を集めるようにコントロールしていますか？,香りを強くする,蜜の量を増やす,花の色を変える,花の形を変える,4
b124cd0c-0903-46aa-af83-38e429d7585b.jpg,この避難経路図において、避難経路はどのように示されていますか？,赤い実線,青い点線,黄色の点線,緑の破線,1
12049071-40cb-4cfd-9eb7-50718555b130.jpg,この家系図において、山田治の子供は誰ですか？,山田隆司,山田洋子,山田正夫,山田春枝,3
6ddd2f4d-5655-49ee-9330-218e6c6451d0.jpg,Who is responsible for overseeing the Project Management department?,Alex Mauer,Michael London,Jessica Elejalde,JJ Thorp,4
b1cbc912-db70-4d1e-9251-263d7b40124d.jpg,Which component is directly connected to both the ATM Node and the ATM Network Server?,Log Device,Card Reader,Network Interface,Cash Dispenser,3
0c459fa4-b924-442f-a028-6c674309eb8d.jpg,災害発生時に避難が必要な場合、どの警戒レベルで全員避難が指示されますか？,警戒レベル3,警戒レベル1,警戒レベル2,警戒レベル4,4
1efba1aa-5578-4d44-889f-720ee9f1409b.jpg,2021年の魅力度ランキングで、千葉県の順位は何位ですか？,2位,3位,1位,4位,2
80192b01-31f5-49d5-a0c0-198edef8fa15.jpg,Which age group shows the most significant increase in population from 1900 to 2000?,45-54,>64,15-24,<5,2
b3b33cee-9b5a-4ac3-be4d-1273050f49f9.jpg,KPIツリーにおいて、ECサイト訪問者数に影響を与える要因はどれですか？,一人あたりの平均購入金額,自然検索からの流入,商品購入者数,注文完了率,2
bed7136e-1e15-46e5-abe1-248794782bcc.jpg,インドのデータで、最も多い割合を示す色はどれですか？,緑,青,黄色,ピンク,2
835f82f4-1730-4e1e-a2f0-92d863c1523e.jpg,2024年卒版 就職企業人気ランキングで第17位にランクインした企業はどれですか？,アールプランナー,一条工務店,大和ハウス工業,積水ハウス,1
3d66fd2a-b821-4d88-b95a-b2c6fd052bf8.jpg,Which color is the least favorite among the children according to the chart?,Blue,Pink,Red,Green,4
286138ca-52a2-48f3-b12b-56e854d604b3.jpg,Which county in the map has the most zip codes listed?,Galveston,Harris,Brazoria,Chambers,2
9bde221b-87b3-4443-8f9a-32ba2083167a.jpg,ハイエンドプランの制作期間はどのくらいですか？,3〜7日,10〜15日,5〜10日,2〜5日,3
ff6525a1-b143-48fe-b965-743533ff04ea.jpg,What is the primary exit route from the 'You Are Here' location?,Go straight and take the exit at the top,Head north and take the first exit on the left,Follow the blue dashed line to the exit on the right,Use the elevator to reach the exit,3
d9b886bd-8f94-4e74-989a-4aab79939985.jpg,"Which team is scheduled to play against Japan on June 20, 2019?",Ecuador,Uruguay,Brazil,Chile,2
1a6531d0-e653-44f2-b277-cedd1882fdc9.jpg,1位の贅沢セットの通常価格はいくらですか？,"¥9,980","¥11,880","¥2,300","¥1,890",2
605a2fb7-4667-4dfc-90cf-adff40fe00e6.jpg,What is the primary color used to represent category B in the scatter plot?,Blue,Green,Yellow,Red,4
6fe5e023-f6fb-44de-b44f-f4378e25bc7b.jpg,この画像に登場するキャラクターたちはどのようなテーマに関連していますか？,宇宙,海,砂漠,森,2
c9ace1d7-a20c-4537-834e-dfd9a455a9ee.jpg,次のうち、HCIOの殺菌時間はどれですか？,約10分,約120分,約1.5分,約80分,3
e44b8365-9b8e-4cff-9088-eff01363000d.jpg,6月のプログラム表で、毎週火曜日の午後に行われる活動は何ですか？,生活スキルアップ,個別訓練,健康講座,コミュニケーションワーク,4
b72a3a0a-9523-4f46-9b90-4fd876618f4a.jpg,What is the total width of the shape from the leftmost to the rightmost point?,190 units,210 units,150 units,170 units,1
754399aa-3ca0-4ffe-aa67-eb7a89285804.jpg,IMAXシアターのスクリーン12で、車椅子対応席はどの列にありますか？,H列,B列,P列,A列,2
b503f822-67a1-469c-ac7a-af8f0409821b.jpg,やまむらやのクーポンはどの期間有効ですか？,2021年8月1日から8月31日まで,2021年8月27日から9月27日まで,2021年7月1日から7月31日まで,2021年7月31日から8月27日まで,4
240291af-72b2-44ed-90b9-4188daabaf93.jpg,プロジェクトの工程AからEの中で、最も長い日数がかかる工程はどれですか？,工程A,工程B,工程E,工程D,2
a3ac627f-4536-4b76-976e-e3537b3f4475.jpg,What is the main theme of the articles featured on the cover of Aesthetica magazine?,Environmental issues and art,Historical events,Fashion trends,Technological advancements,1
615cfce4-af58-40ef-aaa0-9cbb54d1440a.jpg,What is the main message conveyed by the text on the image?,Heinz tomato paste is grown naturally.,The product is made from mixed vegetables.,Tomatoes are artificially made.,Heinz is a new brand in the market.,1
8057117f-ced9-43b3-8202-50cfb635665f.jpg,この図面において、リビングルームの隣に位置する部屋はどれですか？,キッチン,ホール,バスルーム,主寝室,4
0b1f840e-3f7e-4e74-9900-eb65e77a63ae.jpg,このグラフのデータポイントの中で、最も急激な変化が見られるのはどの区間ですか？,0から10の区間,20から30の区間,30から40の区間,10から20の区間,4
f7d05453-79ce-48f1-bfe6-41afa86e59a4.jpg,この図において、主活動に含まれないものはどれですか？,購買物流,サービス,技術開発,製造,3
dda1e6c9-dcde-456a-8712-89def72dac14.jpg,Zepp Nambaの1階の座席数は何名ですか？,"1,206名",766名,440名,"1,000名",2
3c288caf-34d9-41b8-b499-a2dc5cdbcb26.jpg,"In the given diagram, which entity is directly related to both 'Professor' and 'Student'?",Mailbox,Billboard,Bibliography,Evaluation,4
b4c90cf4-48ce-4267-9038-232ee6729113.jpg,桐壺帝に対して強烈な妬みを抱いている人物は誰ですか？,弘徽殿女御,光源氏,北の方,葵の上,1
0bc31144-0d47-45c9-8e4f-74ecb8cfe46f.jpg,"In the E-R Diagram of the Library Management System, which entity is directly associated with both 'Books' and 'Member' through relationships?",Availability,Publisher,Author,Relationship,4
5731f0c2-d49a-4d4e-ae15-cd6872be8c7d.jpg,What is the total length of the base of the object in the technical drawing?,225 mm,150 mm,175 mm,200 mm,3
70ff68ad-b4c7-4f8d-a6aa-f74dd12e2854.jpg,スターバックスのバリューチェーンにおける『製造』の強みは何ですか？,種類やサイズが豊富,ラテンアメリカ、アフリカ、アジアから良質なコーヒー豆を調達,独自の冷却技術（日本）,スターバックスロースト,4
4acb0452-2285-4d89-a866-a81f726a77e2.jpg,11月8日は何の日として記念されていますか？,いい子を守ろうの日,いい歯の日,いい皮膚の日,健康診断の日,2
317b8d80-f964-48b2-93b0-8c563912f02a.jpg,What does the image primarily represent?,An increasing trend,A fluctuating pattern,A steady trend,A decline in performance,1
558a4a19-3c2e-468e-ae44-cc509f3717ad.jpg,"Which major highway connects Washington, D.C. to Baltimore, Maryland?",I-70,I-95,I-295,I-81,2
bd7a403e-8771-4160-9d51-5f00c3e5bfe2.jpg,Which artist is featured on the cover of this XXL magazine issue?,Lil Scrappy,Jim Jones,Nas,Mystikal,3
35d6948f-7ea4-4ae8-96b3-409e1355756b.jpg,このグラフは、過去5年間における日本でのどの検索キーワードの人気度を示していますか？,Samsung,iPhone,Huawei,Xperia,4
8c4cc7c0-cf77-4b59-9952-6afbe43e0a08.jpg,この比較表で、自社製品と他社製品Aの比較内容が異なる項目はどれですか？,項目4,項目3,項目1,項目2,2
3747d0c5-ad54-4407-8448-436345c58745.jpg,ECモールの集客力はどのように評価されていますか？,普通,非常に強い,強い,弱い,3
10bc049d-d7e9-478e-8f09-83ca75fbb679.jpg,深田竜平さんの出身大学はどこですか？,東京大学,早稲田大学,拓殖大学,慶應義塾大学,3
9ba7c6f5-ff9b-4358-889f-0a28cc97d13d.jpg,What is the main theme of the newspaper mockup shown in the image?,Financial News,Sports Highlights,Digital Marketing,Photorealistic Design,4
788cac51-ab49-4728-be3e-c0d3d3843a86.jpg,この画像の中で、VAIOが強調しているテーマは何ですか？,過去の栄光,技術の進化,自由と変革,市場の拡大,3
d077a971-d97d-4df3-88db-1622cd9542e1.jpg,この雑誌の表紙に書かれている特集は何ですか？,冬のファッション,秋の旅行ガイド,夏のヘアアレンジ,春のメイクアップ,3
ab02ef5b-658a-4a34-a72b-fe7df42f7de0.jpg,Which component directly interacts with the 'Student User' in the Course Registration System?,Inquiries Page,Registration File Print,List of Courses,System Database,3
71bfe4fe-89a0-4709-9899-e63304b1ac0d.jpg,Which sport has the highest percentage in the pie chart?,Football,Hockey,Badminton,Basketball,4
eabd267e-487d-4b7f-8fa8-b92a7ac17bdd.jpg,What is the approximate Real GDP in billions of chained 2000 dollars around the year 1980?,"6,000","4,000","7,000","5,000",1
41476f4e-aafa-46f7-beb0-b50ea4e0b4ba.jpg,Which frequency band is used for Wi-Fi 6 GHz according to the image?,C-Band,Band n48 (CBRS),Wi-Fi 6 GHz,600 MHz Band,3
739036bb-4bca-4ddf-a72d-507fcd24f798.jpg,Which department is directly connected to the B.O.D office (BDO)?,Procurement Center (PRC),Marketing Department (MKT),Division of Finance & Accounting (DFA),Human Resources Department (HRD),3
3a855771-9ad1-4af9-8b43-f88bcf6f7dca.jpg,この画像の中で、野球に関連する要素はどれですか？,野球のバッター,お菓子のパッケージ,家族の写真,女性のポートレート,1
9a5965c4-11c1-4bf9-b0fb-998ff780de4a.jpg,What is the main theme depicted in the poster for 'A Nightmare on Elm Street'?,A historical drama,The dangers of sleep,A romantic adventure,A comedy about dreams,2
3bb3a952-6a4f-4aee-b52a-47aefe99ec08.jpg,What is the probability of achieving a commercial success given the initial investment in R&D?,30%,50%,80%,24%,4
1283220a-42fe-46a3-9307-030c027abea6.jpg,During which period did the OILREV Growth Rate reach its highest value?,1971-1975,1996-2000,1991-1995,1986-1990,4
a189e124-850c-4ec0-8e47-903114bf6420.jpg,"In the Resource Request Workflow, what is the next step after the Resource Manager finds no availability in the resource pool?",View outcome,Add placeholder,Transfer work to person,Hiring request,4
656883ee-5b12-4ef7-b827-2cb35a5a83e0.jpg,このフローチャートにおいて、構造計算の方法（分割）の選択肢はどれですか？,許容応力度計算,動的解析,耐震性能評価,静的解析,4
5b7e78fa-d7be-4a2a-a477-3569749504af.jpg,この図に示されている、赤道付近で発生する風の名称は何ですか？,偏西風,南東貿易風,北東貿易風,熱帯収束帯,4
e4f8960c-2b2d-4851-a1bb-5a9ec545992d.jpg,Who is the manager under the VP of Sales with the email address lsilva@abc.com?,Lou Silva,Mike Fox,Cassie Bonne,Alice Johnson,1
513ba431-3ca3-4d87-9a27-dc367d2bb1a6.jpg,この間取り図において、玄関から最も遠い部屋はどれですか？,LDK,洋室（右下）,洋室（左上）,浴室,2
f715320b-af1e-4c9f-969f-1add18f57026.jpg,このメニューに記載されている電話番号は何ですか？,011-206-0550,011-206-0540,011-206-0520,011-206-0530,3
0dae8779-3945-4c03-b391-f1d9694c265a.jpg,2A-15室はどの部屋の隣にありますか？,処置室,吹抜,2Aスタッフステーション,面談室1,2
af11813a-bcff-4806-af9f-e5511639de8c.jpg,"Based on the double bar graph, which group has the largest difference between predicted and actual number of M&M's?",Group 2,Group 3,Group 4,Group 1,2
f60da408-ca8e-4a98-99b2-eef468efe7e6.jpg,Which division is located in room G on the first floor?,Resident Registration Division (Jumin-ka),Health Insurance & Pension Division (Hoken Nenkin-ka),Division of Welfare for People with Disabilities (Shogai Fukushi-ka),Elderly Care Division (Korei Kaigo-ka),3
8d3b4ae4-b663-4658-874f-09434478e4f9.jpg,Which browser version has the highest usage percentage according to the chart?,Firefox 3.6,Chrome 10.0,MSIE 8.0,Safari 5.0,3
d0e8633d-2b1d-43b2-9813-29895a12c6f8.jpg,1階のLDKの広さはどれくらいですか？,7.2帖,18.1帖,3.8帖,4.1帖,2
3f6d025f-a718-4600-be33-5a0b69168554.jpg,Which room is located next to the Women's Restroom on the right side of the map?,Gallery 227,Classroom 249,Theater 225,Lactation Room 251,4
dd62c884-5507-4c11-b13e-4e104fcb869d.jpg,このグラフは何を示していますか？,人口の推移,死亡数の推移,出生数の推移,結婚数の推移,3
ae37e0f1-7496-4856-8a0b-019e41176299.jpg,この図において、注文が完了するために必要なプロセスはどれですか？,注文商品の入力,在庫の予約,配送票の作成,顧客情報の取得,1
876b7a9c-9755-4b44-bdf8-aa905721ff8b.jpg,この図において、企業が家計に支払うものは何ですか？,賃金・地代・利潤,販売財・サービス,労働・土地・資本,購入財・サービス,1
cc5d073b-c896-4fa2-90f0-52ef36b5a4dd.jpg,Which income group has the highest GDP per capita with the most mobile phones per 100 population?,Low income,High income,Lower middle income,Upper middle income,2
0caeb90d-81dc-4c6d-a60c-5bda0540c266.jpg,この画像で強調されている情報は何ですか？,資料の価格,資料の提供方法,資料の数量制限,資料の内容,3
3cfb5cc9-658d-4f1a-b965-e3dfced3af75.jpg,この案内図で、放射線治療室はどの部屋の隣にありますか？,MR室1,ガンカメラ室,生理検査室,内視鏡センター,1
ccf90e31-d3d1-406c-8efa-5e20c8cae625.jpg,この円グラフで最も割合が大きい項目はどれですか？,ゴリラ,ラッパ,りんご,しりとり,4
cdf9a360-88d8-487b-9c29-c0727f518140.jpg,この画像の表紙に描かれている動物は何ですか？,イルカ,クジラ,サメ,ペンギン,2
b6a2f830-979c-4b88-8bb8-1709ca4f5ee8.jpg,What feature in the radar chart is used to differentiate between the different categories of data?,Polygons,Axes,Vertices,Label Text Scale,1
2b3d95cf-78b7-4bbd-87a9-65de7d366cab.jpg,JPCスポーツ教室豊田の月会費はいくらですか？,"6,380円（税抜）","6,000円（税抜）","5,800円（税抜）","5,000円（税抜）",3
124cb3f5-aedb-4d8c-84af-2b7c82143d73.jpg,"In which year did the number of connected devices overtake the number of people in the world, marking the 'birth' of IoT?",2008,2014,2005,2011,1
9354663e-ef11-41f5-a8d7-fcc5bb98df8e.jpg,Which major city is located at the intersection of Interstate 35 and Interstate 10?,San Antonio,Austin,Houston,Dallas,1
d7b27594-b5e5-4615-a6c1-6cf7e6773104.jpg,このVOGUE JAPANの表紙に登場している特集記事のテーマは何ですか？,日本の伝統文化,未来のテクノロジー,ファッションの歴史,ロックスタイル,4
0d1fac6d-c14e-45eb-acb6-1a2eb03ddf1b.jpg,In which year does the timeline indicate a focus on document-related activities?,2016,2021,2018,2019,4
53f5716c-941a-4202-b5c6-075544540996.jpg,111chの『町の話題』は何時に放送されますか？,6:30〜,10:00〜,19:00〜,15:00〜,1
447ab610-8d02-46f5-987f-e7fc8584a9d4.jpg,What is the main theme of the magazine issue shown in the image?,The Travel Adventures Issue,The Fashion Forward Issue,The Beauty Secrets Issue,The Positivity Issue,4
2fcc5401-bf11-4e82-b8d6-6fd5ee14e04e.jpg,What type of scale is used on the y-axis of the middle bar chart?,Linear scale,Logarithmic scale,Quadratic scale,Exponential scale,2
50ade376-c7ac-41f5-8dcd-bc198bcd8da3.jpg,タスク 'DBサーバ停止' の予定開始時刻は何時ですか？,10:30,10:00,11:00,9:30,2
fecad336-f153-4d74-9f27-30c13789821f.jpg,During which quarter does the 'Integration' phase end?,Q4,Q3,Q2,Q1,2
2f44659a-fea1-46c5-957b-26302b283f54.jpg,What is the main fashion trend highlighted on the magazine cover?,No-Makeup Look,Vintage Accessories,Bright Summer Colors,Bold Makeup Styles,1
7dcd9e72-d7cf-46a6-8cee-56432f31a27a.jpg,2022年11月調査で最も注力されている分野はどれですか？,営業・販売力の強化,財務体質の強化,販売価格引き上げ・コストダウン,人材の確保・育成,1
efbccb30-1ef1-455f-8f68-c926c4ea61aa.jpg,この家系図において、隆道の子供は誰ですか？,隆治,隆武,隆成,隆政,4
2d8f39f0-1cd1-4e1d-8be4-60453dbc4d8b.jpg,この広告で紹介されている製品の主な効果は何ですか？,野菜の成長促進,収穫量の増加,土壌の改良,害虫の即効ストップ,4
8005909b-1005-4de2-a879-c5fbb6db2d4f.jpg,画像に示されている循環のうち、フェレル循環はどの位置にありますか？,中緯度高圧帯の近く,熱帯収束帯の近く,極循環の近く,極高圧帯の近く,1
c0c58eec-84c5-4cdd-a319-b7fa640e51dd.jpg,タスク『開発環境をつくる』のステータスは何ですか？,Todo,Doing,Not Started,Done,1
0f59b155-bb33-4b94-9319-807bede26eee.jpg,What is the combined percentage of the two least represented colors in the pie chart?,10%,12%,11%,9%,4
529fc88d-c476-482a-9b10-477d544ee6ef.jpg,What is the primary focus of the map shown in the image?,Transportation networks and major highways,Weather patterns across different regions,Population density across the United States,Maximum advertised broadband speed availability,4
48c39d3f-2519-4682-a16a-00bdaf8ae41d.jpg,監査プロセスフローチャートにおいて、監査リクエストを受け取った後の次のステップは何ですか？,予備調査を開始,リクエストの評価,支払いの合理性を確認する,影響を受ける監査人に通知する,2
7eacca61-a815-4ca3-ab51-cae5bcba1cde.jpg,"In the family tree, which child has the most grandchildren?",Child 4 & Spouse,Child 1,Child 3 & Spouse,Child 2 & Spouse,3
39c8e994-dcfd-4a49-81cd-b71bc9eba17d.jpg,この円グラフで最も大きなセクションの色は何ですか？,青,黄色,緑,オレンジ,2
f47a685a-04be-46bf-96bd-7a9931b66c75.jpg,エンジンオイルフィラーキャップはどこにありますか？,インバーター冷却用ラジエーターリザーバータンクの隣,エアクリーナーの隣,ヒューズボックスの下,ウォッシャータンクの近く,4
a9a0e366-634c-4b04-98f6-3241e5548e30.jpg,このワークフローシステムの電子化によるメリットとして、以下のうちどれが含まれていますか？,柔軟な働き方の実現,コスト削減,業務の効率化,進捗管理の容易化,3
542ac36b-daf5-47bb-a56f-86ffdf79ff48.jpg,レーダーチャートにおいて、系列1が最も高い値を示している項目はどれですか？,B,A,D,C,2
351a2c70-801b-4b54-a698-126d34048a53.jpg,この雑誌の特集記事は何に関するものですか？,春の花見,冬のファッション,夏の旅行,秋の食べ物,2
d0e78c01-8da7-4ce0-a363-0711e7ddf263.jpg,このお便りで紹介されている、今年ディケアで育てている野菜は何ですか？,なす,きゅうり,スイカ,トマト,2
369b9610-eb65-4d44-b952-64b8fa663741.jpg,Which of the following numbers is classified as an irrational number?,-2.5,π,0.3333...,7/9,2
e1a439d2-3eef-4550-8f9f-b5cc132503eb.jpg,Which merchant has a spending amount of $187.56?,Walmart,Victoria's Secret,Amazon,Target,2
8db07e3f-c831-4dff-9239-4ce19b998af8.jpg,この映画のタイトルは何ですか？,海の冒険,青い惑星,アバター,ウェイ・オブ・ウォーター,3
f59cab20-fae8-4b31-8414-563765b68516.jpg,この図における『主活動』の中で、製造の次に位置する活動は何ですか？,マーケティング・販売,サービス,出荷物流,購買物流,3
db26c348-1b32-4519-9e4f-414b401bd553.jpg,Which module has a direct relationship with all other modules in the UML class diagram?,Module D,Module A,Module B,Module C,1
a168dcb3-309d-43ac-aea4-aa6f279420df.jpg,この図において、売上に直接影響を与える要素はどれですか？,広告,単価,メディアセッション,リード数,2
c78743c8-2df0-43df-8412-957731c934ec.jpg,この図は知識創造プロセスを示していますが、次のプロセスはどれですか？,Socialization,Internalization,Externalization,Combination,1
b18aa112-36e6-4065-aadd-0cb3f1f90445.jpg,この画像で、挨拶をする際に気をつけるべきことは何ですか？,大きな声で話す,笑顔で話す,相手の目を見て話す,手を振る,3
225fbb14-d396-4b3b-9083-5308eae6d4b7.jpg,What season's fashion is featured on the cover of the magazine?,Fall,Spring,Winter,Summer,1
94b9b1f2-ce5e-41ac-8dc8-def63bc0933e.jpg,外側の円で最も割合が大きいのはどの地域ですか？,品川,横浜,川崎,新宿,4
6bbb315b-3ff5-43eb-be3b-08e37571b58f.jpg,このグラフによると、離職率が最も高かった年はどれですか？,2017年,2015年,2021年,2012年,1
9ece42b4-4f2e-4645-ab18-ffa1559071bd.jpg,What is the main theme highlighted on the cover of this magazine?,Red carpet insiders,Body reset boot camp,Summer's rich mix,The business of being Gisele,3
8e35b9f8-c48a-4610-b6c8-1372ae16b865.jpg,What is the primary theme of the flyer template shown in the image?,Technology,Food,Education,Travel,4
2aba6029-3150-4b56-b621-4e5e4c9fab86.jpg,Which chamber in the pyramid is directly connected to the Grand Gallery?,King's Chamber,Subterranean Chamber,Queen's Chamber,Satellite Pyramid,1
b835dcd6-9673-4b84-8cda-fb04618b3a85.jpg,このグラフにおいて、製造業の指数が最も高い月はどれですか？,7月,1月,3月,12月,3
686d3135-99bd-48eb-a647-2a1d72bb50bb.jpg,Which coordinator is responsible for managing risk and insurance?,Programme Coordinator,Marketing Coordinator,Hospitality Coordinator,Venue Coordinator,4
24584e06-a40d-44c2-84cf-cddee7023b12.jpg,この広告はどの企業によって作成されましたか？,Sony,Panasonic,Sharp,Toshiba,2
51b078ba-28a4-4a30-8acc-44b987b8e2db.jpg,On which day and time is the 'Round Table Discussion: Antisemitism and the Abrahamic Religions' scheduled?,"Day 4, 7:00 - 8:30 p.m.","Day 2, 7:00 - 8:30 p.m.","Day 1, 5:00 - 7:00 p.m.","Day 3, 7:00 - 8:30 p.m.",2
5f685e90-34c8-420f-8751-6d675967c673.jpg,この雑誌の特集テーマは何ですか？,秋のおしゃれ,春のガーデニング,冬のファッション,夏の旅行,1
fe29cd74-2ac1-486d-a9f9-e5d62acf4afe.jpg,Which section is not explicitly mentioned in the value chain infographic?,Procurement,Marketing,Human Resources,Technology,2
675f540f-2181-4871-8109-4fcbfd5a5e79.jpg,What is the maximum value on the y-axis in the Scatter Bubble Chart?,3,4,6,5,4
9ae8181a-56cb-4765-96e7-83b3b6b49b59.jpg,名古屋駅から岐阜駅まで行くには、どの路線を利用しますか？,武豊線,中央本線,東海道本線,関西本線,3
69bb8e0d-1a19-471b-91e2-b3d8cb57badc.jpg,クレーム発生後、最初に行うべきステップは何ですか？,対処,記録をとる,応援を求める,見分ける,4
340ae3ff-c199-4608-a7da-5857f23ab0f1.jpg,What is the main message of the advertisement?,To sell marine conservation merchandise,To promote marine tourism in Australia,To advertise a new marine wildlife documentary,To encourage the government to establish proper marine park boundaries,4
67bd4509-b2c1-4ebb-ada5-340bf82952c0.jpg,What is the primary outcome of parents using effective parenting practices according to the logic template?,Parents increase knowledge of child development,Parents better understanding their own parenting style,Facilitate support groups,Improved child-parent relations,4
1ce81a1b-2262-4c9a-a154-c6aafc02bd01.jpg,このレーダーチャートで最も高いスコアを示している科目はどれですか？,理科,英語,算数,国語,3
17ffe179-5683-407f-891b-510984ea3db2.jpg,トーナメント表の左側で、吉田が対戦する相手は誰ですか？,清水,斎藤,原田,大西,4
015f493b-1b7b-424d-a2a1-00f3e3706162.jpg,この組織図において、営業部の下にある部署はどれですか？,監査室,営業1,人事部,経理部,2
bde7d9e4-7480-4ed9-9976-6be75bea8d49.jpg,Which agency employs the highest number of B.C.'s 100 highest paid public servants?,ICBC,B.C. Investment Management Corporation,Provincial Health Services Authority,University of B.C.,3
c5655c5d-7acf-490e-bbd5-6df7817bfce2.jpg,Who is responsible for the 'Career & Opportunities in Marketing' session?,Markel Villaluna,Jose Elcid Ladica and Joy Ann Zamora,Jane Valiente and Vett Eliseo,Matilda Catayoc,2
f923d839-6452-4f42-98f2-8d6a39452041.jpg,2017年の九州の県の中で、人口が最も多い県はどれですか？,熊本県,長崎県,鹿児島県,福岡県,4
adb8367e-314b-4594-89aa-cd6631cb983d.jpg,What is the price of the VR 4K UHD LED WebX TV after the discount?,$999.99,$899.99,$5999.99,$1099.99,1
c099e1c6-5223-4f44-868d-5742d5c15f7b.jpg,2023年度の組織図において、総務会のメンバーは誰ですか？,青木正,杉浦正史,竹中康智,石川史郎,1
7434db5b-2fd0-4e58-a42f-40f5f712a00a.jpg,Which element has the highest number of Google hits according to the Popularity Table of the Elements?,Gold (Au),Hydrogen (H),Carbon (C),Oxygen (O),3
69c001e8-fbe6-4454-a638-87cdb1ba56be.jpg,1月のレンズの売上はどのくらいですか？,"8,956","5,596","7,833","12,898",4
aed6d8a5-2c31-4333-8ae3-ca5c1a3a0b92.jpg,What is the total population represented in the chart?,"7,500,000","8,000,000","7,900,000","7,858,035",4
9b8f8d56-1703-4971-90e9-c6a9c7edfd27.jpg,この円グラフにおいて、関東と関西の売上割合の合計は何%ですか？,58%,50%,42%,100%,4
43a6f080-308f-4a2b-8ea1-d418a4b5e978.jpg,"In the given ER diagram, which entity is directly associated with the 'Purchase' relationship?",Admin ID,Customer,Bill,Login,2
80419888-2462-43a7-9fd6-08ae067a30fe.jpg,木花こども園で毎年の目標として掲げていることは何ですか？,サッカーの練習をすること,クリスマス飾りを作ること,新しい遊具を導入すること,挨拶の輪を広げること,4
b3999237-76f4-4565-aa4d-aec5b0654f92.jpg,What is a key component of program management according to the image?,Financial Planning,Product Design,Holistic Control,Marketing Strategy,3
2dc511e8-5c8c-4059-8cb3-26792d7d8aee.jpg,What is the radius of the largest circular arc in the idler plate drawing?,R1.750,R1.625,R1.375,R0.750,1
67a9d719-f600-4db2-b2bb-490df82a8ec8.jpg,Which task has the longest duration in the Sample Project Gantt Chart?,Task 11,Task 15,Task 17,Task 5,1
72aa699f-3596-4b97-bd9d-9917f911d85d.jpg,What is the main theme of the newspapers shown in the image?,Design and Mockups,Financial Reports,Sports News,Political Analysis,1
06d636f9-32ff-413b-af7c-7b1acd1f77f1.jpg,Which group does 'Flynn' belong to in the image?,Trump Campaign,Trump Administration,Other,Justice Department,2
7550925e-46b7-4b32-8049-4dd0d74e35ae.jpg,What is the total built-up area of the ground floor plan in square meters?,128.34 m²,240.5 m²,138.1 m²,222.85 m²,4
82733c99-3550-49ac-8a55-22cdcca953a2.jpg,What is the main topic of the blog mentioned in the image?,Workflow Automation,Data Analysis,Project Management,Workflow Visualization,4
96ead4f8-9aa2-4351-b52e-df6c0834668d.jpg,What is the main headline of the newspaper?,FARM PARLIAMENT MEETS,RULER WHO RAIDS,RULER WHO READS,TEMPER RUN HIGH,2
fbdbc90d-a0f8-4038-a490-92fc3cde76e6.jpg,What is one of the netiquette guidelines mentioned for online students?,Share your screen frequently,"No yelling, please",Use multiple chat boxes,Always use emojis,2
cf4b545f-5417-4738-91e5-27b503143056.jpg,Which city is connected by the Acela Express high-speed inter-city service?,Miami,Chicago,New York,Los Angeles,3
996db36b-7f03-43b8-949d-929f38bbf6a2.jpg,2020年の純資産はどれくらいですか？,"723,660","771,534","702,630","651,981",1
1494186a-d023-4905-92df-dd765d7033f2.jpg,この地図で、MRI室はどのエリアにありますか？,C館,D館,B館,A館,3
db1b4a76-0baf-49c2-9488-c51f79d941bb.jpg,2023年の新卒就職人気企業ランキングで、前年順位が最も上昇した企業はどれですか？,トヨタ自動車,日立製作所,資生堂,NTTデータ,1
87953deb-1095-48fb-b3a9-8b51ac13f2ec.jpg,Which layer in the Test Automation Layered Architecture is responsible for defining the specific conditions and expected outcomes for testing?,Domain Layer,System Under Test Layer,Test Cases Layer,ServiceAddress,3
d36c00da-1184-443a-8687-b5f83d2ca95a.jpg,What is the total percentage of sales for Technology and Furniture combined?,70.00%,69.00%,68.30%,68.70%,4
8330cfd7-9ff6-4a19-aeb8-cc0906e02668.jpg,このセールで、婦人シャツ・ブラウスの価格は税抜きでいくらからですか？,690円,890円,490円,290円,2
e6858dae-cfc6-44a1-9359-c5bd484750d9.jpg,どのバーが最も高い値を示していますか？,JL-443,AD-325,DYU-12,JL-442,1
8225ff53-ac8a-4581-9e95-367e7d7e526d.jpg,In which category is the difference between Series 1 and Series 2 the greatest?,Category C,Category F,Category A,Category D,1
8a562af1-38f5-418f-a6d4-d3492a7a7d1e.jpg,このバス路線図で、名塩さくら台行きのバスはどの番号の路線ですか？,96番,50番,58番,43番,3
94739d6e-3e8e-47c4-b90a-b361f25720eb.jpg,梅田芸術劇場の座席表で、1階席のS席はどの扉から入ることができますか？,扉7と扉8,扉1と扉2,扉5と扉6,扉3と扉4,4
2047add9-d094-43df-b4ce-74e60071b170.jpg,どの地域が6月と7月の合計売上が最も高いですか？,九州地区,関東地区,東海地区,東北地区,1
5252e1a0-8e41-4d56-98f3-517ac7afa891.jpg,What is the total duration of the critical path in the PERT chart?,15 days,16 days,18 days,17 days,4
68b659aa-36a8-450c-88a7-0e4b628953a3.jpg,フローチャートにおいて、DBから値を受け取れなかった場合、どの画面に遷移しますか？,写真一覧ページ,画像のURLを生成,エラー画面,DBへのリクエスト,3
d8b0afc1-eba1-4e33-83a4-e6c192fe0d9e.jpg,2014年にミャンマーに進出している日本企業の数は何社ですか？,284社,146社,348社,222社,4
90a19f10-049a-46c5-ac95-490f731cb43a.jpg,この図に示されている『ハンガーステージ』の構成部材数で、HS-Hの数量はどれですか？,3,4,2,5,3
a3109ed5-94e7-4b70-be9c-b874e0fcc23a.jpg,Which country has allocated the 5G spectrum in the 64-71GHz range?,United Kingdom,Australia,Japan,United States,3
be460e3c-9911-422a-bc24-e18b3a65a572.jpg,What is the maximum riser height for the concrete steps to grade as indicated in the plan?,7 3/4 inches,7 inches,8 inches,8 1/4 inches,1
d3d75cb5-9923-4f0d-b4b2-87591e281e37.jpg,What is the main ingredient being promoted in the image?,Butter,Vinegar,Honey,Olive oil,3
50410a11-5e41-4d56-ac0e-09a3d2e18446.jpg,2023年の1世帯当たり年間の消費支出が最も高いのはどの年齢層ですか？,70歳以上,29歳以下,60～69歳,50～59歳,1
9052e7d2-d4d0-4397-a2db-85a6e9e20510.jpg,1階のリビングの面積はどれですか？,7.45㎡,32.70㎡,14.90㎡,9.93㎡,2
711baeaa-0648-4685-9866-898ac36e44c2.jpg,この画像において、幼児期に育むべき要素として挙げられていないものはどれですか？,運動能力,自己調整,協同性,数や文字への関心,1
d8f56037-3431-4a4c-b228-dd917dde7699.jpg,川口家の家系図において、最も多くの子供を持つ人物は誰ですか？,川口家の最初の人物,高田下,高田上,岡や上,4
69af6222-3b7d-4c59-9a6c-7cdf7a528666.jpg,1月の予定で、避難訓練は何日に行われますか？,20日,6日,21日,13日,3
14b05bae-694c-4536-83b6-f058600911b7.jpg,この図において、右心房から血液が次に流れる場所はどこですか？,大動脈,左心房,肺動脈,右心室,4
7960cd9f-fe4e-429b-b534-b31f9bc8eba5.jpg,この画像に描かれているマラソンの距離は何キロメートルですか？,21.0975km,10km,50km,42.195km,4
11cad971-5ae9-43ac-b091-8d9e7f512780.jpg,What is the diameter of the largest circular hole in the component?,16 mm,25 mm,63 mm,50 mm,4
20039c02-eb17-4c2b-a636-a4c9e11168f7.jpg,このタイムラインのステージ数はいくつですか？,4,3,5,6,3
831da723-80c6-431c-980d-b80496226f28.jpg,What is the primary focus of the Nature Conservancy Organization (NCO) as mentioned in the brochure?,Land conservation,Urban development,Wildlife protection,Renewable energy,1
4180e338-9e3a-4c7d-90df-6400a2a67438.jpg,What is the main theme of the 'Balancing Passion and Academics' article mentioned on the magazine cover?,Focusing solely on academic achievements,Excelling in both school and extracurricular activities,Exploring creative hobbies,Avoiding classroom boundaries,2
b0e5e2ad-2404-4952-a44c-226efff70cc2.jpg,What is the main theme of the advertisement shown in the image?,Introducing a new brand of coffee,Marketing a protein supplement,Promoting a new chocolate bar,Advertising a chocolate-flavored soy milk,4
acab5765-b286-4ce5-bb9b-c5e2a3bfc87a.jpg,このGQ JAPANの表紙は何年何月号ですか？,2009年10月号,2008年11月号,2009年11月号,2008年10月号,2
e66b6049-3c9b-4cb8-b233-bd2f70b3507a.jpg,What is the approximate trend in the COUNT_DISTINCT(ride_id) from March 2021 to March 2022?,"Decrease until mid-2021, then increase",No significant change,Steady increase throughout the period,"Increase until mid-2021, then decrease",4
6540cc83-79d6-4b29-852e-cb1d199fb06d.jpg,この画像の中で、インフルエンザに関する情報はどこに書かれていますか？,今月の笑顔,ご協力願います,10月の活動報告,事務局からのお知らせ,4
e6798582-0d87-424f-b5ff-e60421af3f5a.jpg,HOWツリーにおいて、最終目的を達成するために必要な中間目的はどれですか？,手段2,中間目的2,中間目的1,手段1,3
b470921b-07eb-42f9-bfbb-ad82c1e20d92.jpg,"In the E-R Diagram for the Hotel Management System, which entity is directly associated with both 'Customer' and 'Rooms'?",Payment,Invoice,Today Price,Reservation,4
80a2965f-81b2-46bb-a06d-86b5b11e7839.jpg,What is the subject of the photo challenge mentioned on the magazine cover?,Portrait Photography,Landscape Photography,Off Camera Flash,Black and White Photography,3
42815e76-2382-4a83-9310-1d3a89e59e21.jpg,What is the main theme of the central circle in the diagram?,Modern,Free Template,Unique,Multipurpose,2
b823283c-77a0-4438-a6f5-2b238f343341.jpg,What is the parapet height indicated in the front elevation drawing?,"2'-9""","3'-3""","2'-6""","3'-0""",1
667eb251-81ad-4eff-9a0b-c39fbe6e23e4.jpg,この広告で強調されている割引率は何パーセントですか？,80%,60%,50%,70%,1
06803980-8553-4b6c-8e64-24892e372cce.jpg,"In the layered application model, which component in the Business Layer directly interacts with the Presentation Layer?",Business Workflow,Business Entities,Application Facade,Business Components,3
7bd65eaf-f239-4a7b-8f0a-ab9147421356.jpg,What is the purpose of Annex A in the NFPA 101 Life Safety Code?,Technical specifications for building materials,Advisory to assist in interpreting Code provisions,Mandatory requirements of the Code,Historical background of the Code,2
9a444faf-3351-4ca3-a0c7-5cab247bf83f.jpg,主活動の中で、クラウドデータ分析の次に行われるプロセスは何ですか？,高密度な商品開発と生産,製品化,倉庫・物流センター,消費者の要望・購買履歴などのビッグデータ,1
fde813a6-64be-4fe8-9636-f26bc288abd7.jpg,請求書作成時間を効率化するために、どの方法が提案されていますか？,統一フォーマットを使う,イレギュラーな発行サイクルを受け入れる,紙での発行を続ける,新規顧客には独自の請求書を受け付ける,1
b3c4b081-cea0-436d-af75-88e9fdbd0fa6.jpg,このシステム図において、データがインターネットを通じて送信されるのはどの部分ですか？,卸売本社から小売会社,卸売本社から小売本社,小売本社から地域VANセンター,メーカーから卸売業,2
438c60c8-1efb-49ee-8917-88fe6f8a4f00.jpg,Which milestone occurs just before the 'On-going Partner Development' phase ends?,Milestone 2,Milestone 1,Project End,Milestone 3,4
dcffec40-6a63-4ec8-8b6d-6648c5c42c57.jpg,Which product category contributes the least to the total revenue according to the chart?,Sunglasses,Watches,Trousers,Shoes,2
3f19f724-6265-469c-b48f-891e0953a83f.jpg,What is the main theme of the infographic shown in the image?,Global economic trends,World population distribution,Steps in a process,Technological advancements,3
311fc888-31ab-435b-bbb1-ab4d67e49e1f.jpg,この画像によると、S-QUEクリニカルラダー別研修はいつ開始されますか？,2023年4月,2023年10月,2023年1月,2023年7月,1
d6d781ae-b929-4328-9f3e-0bad7422365b.jpg,Who scored the highest points in the Quarter Finals?,Betsy,Yasmin,Norah,Michal,1
185addd5-6a9c-4119-86c8-cad9644ed11b.jpg,このガントチャートで、2010年10月27日に開始される作業はどれですか？,仕上・検品,納品,二次加工,裁断,3
6286bdf0-393b-451b-ab59-b4fb2753c55d.jpg,"In a traditional organization pyramid, which group is positioned at the top?",Middle Management,Frontline People,Customers,Top Management,4
cc0cdc1f-793d-4a00-a838-41270a1aa3d1.jpg,この画像で、煙が形成している形は何ですか？,ハート,ドクロ,星,花,2
955a58e3-2cd1-44a3-acc6-58ad1e9ea397.jpg,Which category has the highest frequency in the bar chart?,B,A,C,E,4
ec1ec91d-f19a-4332-8891-c4483811e107.jpg,東京都の企業におけるSDGsの認知度と取り組み状況で、最も多い割合を占めるのはどの選択肢ですか？,事業活動として取り組んでいる,内容を知っているが事業活動として取り組む予定はない,SDGsについて何も知らない,今後、事業活動として取り組む予定がある,3
b7b30d83-7e0d-4f7d-ab52-bd9e26e7bfb8.jpg,このサロンの特別メニューの価格はいくらですか？,"¥5,000","¥3,000","¥6,000","¥4,000",1
830baa24-112a-45e8-971a-9844fdc61fa6.jpg,秋の里山マルシェはどこで開催されますか？,駅前広場,中央公園,市民ホール,ふれあい広場,4
10e27b5e-1aeb-4900-8f86-9becf95892b8.jpg,この図において、政府が家庭に提供するものは何ですか？,製品・サービス,リソース,税収,支出,1
14e51904-3c32-45db-97e6-39bf1c63e955.jpg,Which route connects Chicago to Oklahoma City?,Texas Eagle,Heartland Flyer,Southwest Chief,Lincoln Service,1
185024cd-615c-405c-8578-dc956db06f7d.jpg,What is the main theme of the magazine issue shown in the image?,Technology and Innovation,"Fashion, Entertainment, and Lifestyle",Health and Fitness,Travel and Adventure,2
556cb6b2-c566-4b93-aeaa-389d94935a7d.jpg,Which city is represented by the largest bubble in the chart?,Paris,Vienna,Madrid,London,4
5198066b-9360-47ea-ad31-b7fc424df9b1.jpg,"In the given Venn diagram, what does the shaded region labeled 'B - A' represent?",Elements not in set B,Elements unique to set A,Elements common to both sets A and B,Elements unique to set B,4
d4c0f9c1-118b-49fe-bb1c-992582f4f0e4.jpg,Who is the SVP of Internet Software and Services in the Apple Organizational Chart?,Luca Maestri,Deirdre O'Brien,Craig Federighi,Eddie Cue,4
11939306-123c-45de-b3e0-808dca74f510.jpg,"In the class diagram, which method is responsible for calculating the total weight of an order?",calcSubTotal(),getPriceForQuantity(),calcTax(),calcTotalWeight(),4
97a74cb1-c2c9-43c7-9ed4-51b90180d58f.jpg,このフローチャートにおいて、病気の症状に対する治療の次に来るステップは何ですか？,発症原因,副作用・障害,問題に対するケア,看護問題,2
e4062045-c690-446e-8f4d-cacbf5624440.jpg,What is the size of the JELD-WEN INT WINDOW # 7646 in the window schedule?,2' x 3',3' x 5',4' x 4',5' x 5',3
196a5056-8721-489a-b45b-4a702faa2095.jpg,What does the tree diagram in the image represent?,The growth stages of a plant,The structure of a problem and its related aspects,The hierarchy of a company,The relationship between different types of trees,2
22c31282-3ca3-4d15-812e-d3a39e03096d.jpg,Who is responsible for delivering the Welcome and Opening Remarks?,GILDO G. MOSQUEDA,JESSICA T. VERALLO,JULIET F. LASTIMOSA,MARIO M. BERMUDEZ,4
f286f70c-076a-40db-809f-e857f1d3a841.jpg,Which VM is directly associated with both App 1 and Server 1?,VM 20,VM 30,VM 11,VM 10,4
2dbf9ad5-30bd-4eb4-a4a5-b45e0c3b7395.jpg,Which section is located directly in front of the stage at Madison Square Garden?,Section 101,Section 201,Section 311,Section A,4
99621298-7a9a-4050-aa14-990e492cfb92.jpg,What is a potential cause of an increase in the number of complaints and claims made by customers?,Decrease in market share,Poor product quality,Strengthening of competence,Loss of labor motivation,2
b3da912e-83a8-4098-a573-532c933836b9.jpg,この雑誌の発行月はいつですか？,2019年1月,2019年3月,2019年4月,2019年2月,4
a1d8fe76-ca58-4e69-a7c7-3d4c4be0f758.jpg,未来会計図表において、変動費率は何パーセントですか？,43.6%,18.5%,56.4%,24.0%,1
2330dee5-5e65-4c76-bb86-6eb03ef09183.jpg,プログラムの中で、2歳児が参加する遊戯のタイトルは何ですか？,どんないろがすき？,カエルのたいそう,もち組さん あつまれ,チグハグ,2
c25d434b-9f85-4ca1-ad69-2d1de5f99240.jpg,"グラフにおいて、パターンAの表示回数が2,000のときのクリック数はおおよそいくつですか？",15,30,20,25,3
a44d0e91-88c3-4c6d-af33-0ea6da0bc346.jpg,この雑誌の表紙に書かれている特集の1つは何ですか？,パリの最新トレンド,ロンドンの音楽フェスティバル,ニューヨークのアートシーン,ファッションの夜、大阪2016,4
ad8cf8f2-d542-46cf-8eac-778eed6171bd.jpg,とやま移住旅行vol.4の開催日はいつですか？,10月5日（土）,9月28日（土）,10月1日（火）,9月29日（日）,2
86012946-ae07-4980-ab16-83a919f689c1.jpg,エディオンアリーナ大阪第2競技場の座席表で、スーパシートはどの色で表示されていますか？,黄色,青,緑,紫,3
1aab7d4d-3eaf-4f5e-924e-83b1f66f9ba3.jpg,What type of chart is depicted in the image?,Radar Chart,Pie Chart,Bar Chart,Line Chart,1
e1d0aa15-e79b-4b8f-b989-e4149fe38763.jpg,Which building is located near the Ambulance Entry?,O'Shannessy,Calvary Clinic,Xavier Building,Lewisham Building,2
390f17d5-049f-48ef-9032-7b34bcd4189f.jpg,関東地方の売上の合計はどれですか？,"¥3,645,955","¥7,212,074","¥9,862,584","¥2,789,631",3
559a44e9-2cec-42b6-91af-7b0f96bb2b0e.jpg,このレーダーチャートで、3回目のデータが最も高いスコアを示している科目はどれですか？,数学,現代文,英語表現,現代社会,2
d9f09cd6-aeac-41b0-ba5a-efdb7163df7a.jpg,令和元年における岡山市の男性の平均寿命と健康寿命の差は何年ですか？,9.84年,9.83年,9.26年,10.03年,2
b32711aa-90f9-46e4-8139-4d0b66b79092.jpg,Which category has the largest percentage in the pie chart?,Orange (20),Light Green (25),Yellow (15),Dark Green (20),2
15d4751a-905b-4972-a5a3-6f5d7aa54da2.jpg,この画像に示されているデータによると、平成17年の第3次産業の割合はどれですか？,57.5%,68.4%,52.6%,31.8%,2
5bba85c8-aa13-4ca1-8b90-5b3f3c820276.jpg,What type of services does 'Your Studio Photography' offer?,"Corporate, sports, wildlife, family, event","Corporate, weddings, nature, family, event","Corporate, weddings, fashion, sports, event","Corporate, weddings, fashion, family, event",4
96b941ca-f9fd-4da1-8046-fb02848952a3.jpg,What is one of the main topics featured on the cover of Men's Health magazine?,Meditation Techniques,Torch Fat,Yoga for Beginners,Healthy Desserts,2
81c07f80-8f2d-4807-880e-9e851a57eefb.jpg,On which day was the maximum temperature the highest?,Friday,Saturday,Wednesday,Monday,2
56d8ac51-36a2-4358-bd94-3cccb4366d8b.jpg,Which county experienced the highest percentage of power outage due to Hurricane Wilma?,Lee,Palm Beach,Collier,Hillsborough,2
ee4c888e-bef5-41db-8b83-9a8ffb1e463e.jpg,What is the next step if the employee has requested additional equipment?,Order additional equipment,Schedule orientation and onboarding session,Introduce employee to team,Complete onboarding session,1
e7246aca-d2c9-4b8a-b178-a819ea2eb13c.jpg,2019年の訪日外国人数が最も多かった月はどれですか？,5月,12月,1月,7月,1
7a022072-eea3-43a6-93fe-6e3fbac9808c.jpg,このイベントはどのような目的で開催されていますか？,新しい住宅展示場のオープンを祝うため,地元のスポーツイベントをサポートするため,地域の文化祭を開催するため,新しいショッピングモールの開店を記念するため,1
d84b26e0-98c9-453b-bb42-855dae165fed.jpg,アナリストに頼らず、鉄道輸送を選択した場合、原油安の予想で得られる利益はどれですか？,8億,4億,6億,10億,1
f5481f91-d10c-4da0-88b1-330955dbc028.jpg,What is the main promotional offer highlighted in the image?,Buy one get one free,20% off for first-time customers,50% off,Free dessert with every meal,3
797595e0-1fff-48cf-9099-756e9075ce5b.jpg,What percentage of the donut chart is dedicated to Mobile App Design?,13%,36%,27%,49%,2
39772cf5-08f2-49cc-bc49-7b9efd21f1e3.jpg,What is the name of the event being advertised in the image?,Winter Wonderland,New Year Bash,Holiday Gala,Christmas Party,4
55f1fe82-d90a-4b40-b818-c0bb770d83e3.jpg,Who is responsible for overseeing the Beverage Leader in the organizational chart?,Max Planck,Alfred Nobel,Johan Kepler,Nikola Tesla,4
60a24f9a-86ba-47d3-a378-e3049ee439d5.jpg,家系図において、太郎の父親は誰ですか？,父男,祖母子,祖父男,兄男,1
18d3d122-d208-4324-a1da-2360825fc118.jpg,このフローチャートで、'処理'の後に行われるステップは何ですか？,開始,判断,終了,別の処理,2
155a6119-8522-42b8-90fc-3ec94d77952d.jpg,What is the main slogan featured in the Coca-Cola advertisement?,It's the real thing.,Share a Coke.,Open happiness.,Taste the feeling.,1
18c2f0bd-cbe1-4bcb-b819-93692eb2301e.jpg,What is the main product being advertised in the image?,Olive Oil,Sunflower Oil,Coconut Oil,Amber Refined Soyabean Oil,4
db10a9f7-c6aa-433f-ac26-deb99277b0a8.jpg,この間取り図において、タタミコーナーの畳数はいくつですか？,2畳,3畳,5畳,4畳,2
132f20d4-4f45-4667-ab71-e8d4ee5f5c1d.jpg,What percentage is represented by the blue bar in the image?,45%,70%,30%,65%,4
a030decc-f32e-4dd2-8121-99426ec0597f.jpg,クラス図の基本単位として示されている属性はどれですか？,氏名,住所,年齢,電話番号,1
4842b989-8046-4ebc-9a7d-6a82134d77fe.jpg,阪急バスの路線図において、阪急豊中駅から北東方向に向かう路線番号はどれですか？,47,48,35,25,1
af11e01a-990f-4a85-8949-63518ec8758d.jpg,What is the primary purpose of the Model-Analytics Integration Layer in the workflow?,To provide real-time monitoring and trending,To integrate and apply the best performing model for analytics,To store raw data from the Data-Source/Data-Lake,To develop data models using Python,2
d2db1072-d114-4c87-bb63-285f2e8a5a4e.jpg,Which doughnut type is represented by the largest section in the chart?,Chocolate,Cream,Jelly,Glazed,4
1d34a56e-24ac-4f9f-b3ae-0a0ab6a1546c.jpg,2020年5月の全国の医業利益の推移は2019年と比べてどのくらい変化しましたか？,-10.9%,-4.4%,-13.0%,-6.2%,3
28dcc8da-24c8-4a22-9665-c5d06e9ee84e.jpg,地図上で、福島駅の南に位置する施設はどれですか？,ホテル阪神,ザ・リッツ・カールトン大阪,ハービス大阪,毎日新聞社,1
0a48079f-f5dd-423f-b5fd-356486acf5d3.jpg,ETFの中で最も割合が高い銘柄はどれですか？,QQQ,VYM,GDX,VHT,2
efd111e9-faaa-42a3-b637-43205fae6724.jpg,Which section is located directly behind the 'Home' bench on the Indiana Hoosiers seating chart?,Section 5,Section 4,Section 6,Section 7,1
9a34768a-6772-4330-9653-33c94c1304c7.jpg,この雑誌の特集テーマは何ですか？,大人のためのバッグ特集,春のファッションカタログ,ネット検索で出てこない情報,デニムとトレンチ,4
0dd664f4-1dcf-4b95-9ab4-a47678bef5f5.jpg,理学療法評価の流れにおいて、情報を集める段階で行われることはどれですか？,情報収集,ニーズの把握,治療プログラム立案,統合と解釈,1
2f8f763f-e22c-4fc8-bce5-f6c332b7df46.jpg,フローチャートにおいて、在庫がない場合の次のステップは何ですか？,商品を選ぶ,終了する,商品を購入する,在庫確認を再度行う,1
cd56ea95-104e-41c7-a8bc-3a256f1fe4ec.jpg,"このフローチャートにおいて、変数a, b, cのうち最も大きい値がbである場合、mediumとsmallの値はどのように決定されますか？",mediumはc、smallはa,mediumはa、smallはb,mediumはa、smallはc,mediumはb、smallはa,3
449b774f-1147-4b25-be7b-3fae0ba33a14.jpg,Which country has the second highest per-capita health expenditure according to the image?,Canada,Sweden,Germany,United Kingdom,3
5698af36-ebf5-4f3e-82ae-245cd43dc09a.jpg,光風台駅から新光風台四丁目までの路線番号は何番ですか？,3番,2番,1番,4番,2
b22d7840-ba63-4283-8dbc-2513a25c7a86.jpg,What is the main theme of the image?,Car Show Event,Mother's Day Celebration,Urban Music Festival,25 Free Photoshop Flyers,4
f7fdceda-3281-4ad1-9ab8-7e36dc246553.jpg,このバス路線図で、長良行きのバスが通る駅はどれですか？,加納,忠節,鏡島,北一色,4
f2bd1441-c973-4cca-801f-6ae8f85007a0.jpg,In which year did the data reach its highest value according to the chart?,2017,2015,2016,2014,3
e5f5fa78-d339-4f06-835d-727fccbc9aca.jpg,このシステム概要図において、営業部門が行うタスクはどれですか？,部門振り分け,問合せ受付,工場振り分け,回答承認,3
79a61a38-491b-43f2-a028-6a1613d3a97d.jpg,この広告で紹介されているジーンズの価格はいくらですか？,"¥2,990","¥3,990","¥5,990","¥4,990",2
053f10dd-251b-4b08-9089-031286fc596a.jpg,この図において、肺循環に含まれる血管はどれですか？,下大静脈,大動脈,肺動脈,上大静脈,3
955c6335-aa73-4abf-abde-f8f533126c7e.jpg,Which category contributes the most to health spending for the Top 5% of the population?,Home Health,Hospital Inpatient,Prescribed Medicines,Ambulatory Events,2
c885829a-f019-4d07-b6e2-fbbf37c3a4ae.jpg,堀江貴文氏の講演会はどこで開催されますか？,北九州ソレイユホール,北九州メディアドーム,福岡国際会議場,小倉城ホール,1
2ed2f93a-86e5-4d35-bf9e-ec36d7e4d7bc.jpg,この図において、'分配'のプロセスはどのような役割を果たしていますか？,支出が流入する,企業が付加価値を生み出す,付加価値が所得として家計・企業などに分配される,家計や企業が消費や投資を行う,3
08d3542a-50f5-4863-99f3-5a54755bed08.jpg,Which city is located at grid reference E-4 on the map?,Franklin,Murfreesboro,Clarksville,Nashville,3
019e23b9-0d4a-4dd6-a722-762ce97fb5ef.jpg,What is the main theme of the infographic?,Steps in a process,Geographical locations,Historical events,Types of technology,1
3ce8b77b-fc5c-48de-b42f-4a91ccf071c0.jpg,During which week does the 'Design of a S.M. Set' task start?,4th - 10th October,20th - 26th September,18th - 24th October,6th - 12th September,2
dc256449-1e2f-4dea-b390-96ce3d37c3d6.jpg,What is the main offer highlighted in the flyer?,Free Trial,Free Consultation,25% Discount,Buy One Get One Free,3
